subject_id,no_interior,no_variance,nlslist_converged,a,b,d
1,TRUE,FALSE,TRUE,0.9454517312572588,1.070132991996084,0.9827676502721199
2,TRUE,TRUE,TRUE,0.9454517312572588,1.0906923320722224,1.000104652994346
3,TRUE,TRUE,FALSE,0.9454517312572588,0.7106221894186786,0.9386315334135507
4,FALSE,FALSE,TRUE,0.9454517312572588,0.7172284502619954,0.9446540038973128
5,FALSE,FALSE,TRUE,0.9454517312572588,0.744204457599983,0.9882423017941312
6,FALSE,FALSE,TRUE,0.9454517312572588,0.96196140787389806,0.9841841161227081
7,TRUE,FALSE,FALSE,0.9454517312572588,0.8555504299477931,0.985854814897278
8,TRUE,TRUE,FALSE,0.9454517312572588,1.0047724105682092,0.9991972800172269
9,TRUE,FALSE,TRUE,0.9454517312572588,1.0492026222461903,0.992787832594857
10,TRUE,FALSE,TRUE,0.9454517312572588,0.8071169048317803,0.9724090755180355
11,TRUE,TRUE,FALSE,0.9454517312572588,1.0047724105682092,0.9991972800172269
12,FALSE,FALSE,FALSE,0.9454517312572588,1.0112132366374118,0.998234800970842
13,TRUE,FALSE,TRUE,0.9454517312572588,0.9565475125729894,0.9874232800168008
14,FALSE,FALSE,TRUE,0.9454517312572588,0.9646540593583574,0.99766772405643
15,TRUE,FALSE,FALSE,0.9454517312572588,0.6891799110981899,0.9647218372121708
16,TRUE,FALSE,TRUE,0.9454517312572588,0.9053805221454658,0.9901663553320035
17,TRUE,FALSE,TRUE,0.9454517312572588,0.8872619374938576,0.9833610314959218
18,FALSE,FALSE,TRUE,0.9454517312572588,0.7599362087875238,0.9865033075775328
19,TRUE,TRUE,FALSE,0.9454517312572588,1.0162591358047066,1.001863131001044
20,FALSE,FALSE,TRUE,0.9454517312572588,0.8077514179285067,0.9726676748239262
21,TRUE,FALSE,FALSE,0.9454517312572588,1.0313578827004835,0.9953018860403967
22,TRUE,TRUE,FALSE,0.9454517312572588,1.0047724105682092,0.9991972800172269
23,FALSE,FALSE,TRUE,0.9454517312572588,1.1498818811590508,0.9795611966693084
24,TRUE,TRUE,FALSE,0.9454517312572588,1.0047724105682092,0.9991972800172269
25,FALSE,FALSE,TRUE,0.9454517312572588,0.7663172014244333,0.9401953001999646
26,FALSE,FALSE,TRUE,0.9454517312572588,0.7831937919333694,1.0024278726592744
27,FALSE,FALSE,TRUE,0.9454517312572588,1.0376614375401678,0.9849170057431693
28,FALSE,FALSE,TRUE,0.9454517312572588,1.0597956715732049,0.9976041341726989
29,FALSE,FALSE,TRUE,0.9454517312572588,1.0579563252677748,0.989724934010439
30,TRUE,TRUE,FALSE,0.9454517312572588,0.7106221894186786,0.9386315334135507
31,FALSE,FALSE,TRUE,0.9454517312572588,0.9564794527261133,0.9808974627100611
32,FALSE,FALSE,TRUE,0.9454517312572588,0.87896308593862,0.9879799204747486
33,FALSE,FALSE,TRUE,0.9454517312572588,0.9140907030069412,0.9823175707395558
34,TRUE,TRUE,FALSE,0.9454517312572588,0.9633753751269598,1.0057683586838781
35,FALSE,FALSE,TRUE,0.9454517312572588,0.9253797206515643,0.9884296613827915
36,TRUE,FALSE,FALSE,0.9454517312572588,1.002247413093376,0.9861506501650718
37,FALSE,FALSE,TRUE,0.9454517312572588,0.7707963065264563,0.9422831190591401
38,FALSE,FALSE,TRUE,0.9454517312572588,1.0553256083988722,1.002444030595927
39,TRUE,FALSE,TRUE,0.9454517312572588,0.767910177940684,0.9652046258924799
40,TRUE,FALSE,TRUE,0.9454517312572588,0.9343304068918599,0.9784015856418701
41,TRUE,TRUE,FALSE,0.9454517312572588,0.7106221894186786,0.9386315334135507
42,FALSE,FALSE,TRUE,0.9454517312572588,0.7639795244892991,0.9779972995329826
43,TRUE,FALSE,TRUE,0.9454517312572588,0.8815366343462243,0.9795995986499982
44,TRUE,TRUE,FALSE,0.9454517312572588,0.7106221894186786,0.9386315334135507
45,TRUE,FALSE,TRUE,0.9454517312572588,0.9379855944059071,0.999900534579082
47,FALSE,FALSE,FALSE,0.9454517312572588,0.9041818708558019,1.007511425975782
48,TRUE,FALSE,TRUE,0.9454517312572588,0.9311385857903902,0.9608589882423293
49,FALSE,FALSE,TRUE,0.9454517312572588,0.9199143445477229,0.9845587727789654
50,FALSE,FALSE,TRUE,0.9454517312572588,0.8643716978051798,1.0044530597822376
51,TRUE,TRUE,FALSE,0.9454517312572588,1.0047724105682092,0.9991972800172269
52,FALSE,FALSE,TRUE,0.9454517312572588,0.8626141587091568,0.9918208790713443
53,TRUE,FALSE,FALSE,0.9454517312572588,1.087524378914296,1.0007021406297634
54,FALSE,FALSE,TRUE,0.9454517312572588,0.8574758061323138,0.9927762257278543
55,FALSE,FALSE,TRUE,0.9454517312572588,0.9037956788266261,0.9839830361961375
56,FALSE,FALSE,TRUE,0.9454517312572588,0.9159512620899142,0.9918159675752144
57,FALSE,FALSE,FALSE,0.9454517312572588,0.7093116808647723,0.940604187802971
58,TRUE,TRUE,TRUE,0.9454517312572588,1.0906923320722224,1.000104652994346
59,FALSE,FALSE,TRUE,0.9454517312572588,0.6529031884849845,0.9648089864118246
60,TRUE,FALSE,FALSE,0.9454517312572588,0.8298173112184142,0.9987672817390495
61,FALSE,FALSE,TRUE,0.9454517312572588,0.9971366380572224,1.0007272605248354
62,FALSE,FALSE,TRUE,0.9454517312572588,1.0233590687544556,0.9957155394818561
63,FALSE,FALSE,TRUE,0.9454517312572588,0.9292690645046099,0.978354272607042
64,TRUE,TRUE,FALSE,0.9454517312572588,1.052978490527367,1.0113020443673462
65,FALSE,FALSE,TRUE,0.9454517312572588,0.9535103217488401,0.9950944160987031
66,FALSE,FALSE,TRUE,0.9454517312572588,1.012665839951597,0.9950141711397422
67,FALSE,FALSE,TRUE,0.9454517312572588,0.9414608697630827,0.9882953698506057
68,FALSE,FALSE,TRUE,0.9454517312572588,1.1236397569570322,0.9651437352789901
69,TRUE,TRUE,FALSE,0.9454517312572588,0.9633753751269598,1.0057683586838781
70,TRUE,FALSE,TRUE,0.9454517312572588,1.047069512508662,0.9975219529410351
71,FALSE,FALSE,TRUE,0.9454517312572588,1.0779201801355105,0.987882179479592
72,TRUE,FALSE,TRUE,0.9454517312572588,0.809002142605702,0.9724069957366465
73,TRUE,TRUE,FALSE,0.9454517312572588,0.7106221894186786,0.9386315334135507
74,TRUE,FALSE,TRUE,0.9454517312572588,0.913244810756389,0.9953291423493634
75,FALSE,FALSE,TRUE,0.9454517312572588,0.9789299439685546,0.9805481533950494
76,TRUE,TRUE,FALSE,0.9454517312572588,1.052978490527367,1.0113020443673462
77,TRUE,FALSE,FALSE,0.9454517312572588,0.9422180336090865,0.9900531867645277
78,TRUE,TRUE,FALSE,0.9454517312572588,1.052978490527367,1.0113020443673462
79,TRUE,FALSE,TRUE,0.9454517312572588,0.8964368981984165,0.9857196798279049
80,TRUE,FALSE,TRUE,0.9454517312572588,0.9267288850929037,0.9818537520207684
81,FALSE,FALSE,TRUE,0.9454517312572588,0.9859245670097605,1.0057356232949002
82,FALSE,FALSE,TRUE,0.9454517312572588,0.9315895141637603,0.992284742030954
83,TRUE,TRUE,FALSE,0.9454517312572588,0.7106221894186786,0.9386315334135507
84,TRUE,TRUE,FALSE,0.9454517312572588,1.0047724105682092,0.9991972800172269
85,FALSE,FALSE,TRUE,0.9454517312572588,0.7100733826662577,0.9395235967168842
86,TRUE,FALSE,FALSE,0.9454517312572588,0.9422180336090865,0.9900531867645277
87,TRUE,FALSE,TRUE,0.9454517312572588,1.1752178421005404,0.987293173456014
88,TRUE,TRUE,FALSE,0.9454517312572588,1.052978490527367,1.0113020443673462
89,FALSE,FALSE,TRUE,0.9454517312572588,0.9407362161513652,0.9985645518365415
90,FALSE,FALSE,TRUE,0.9454517312572588,0.9312860802902678,0.9897757038740546
91,FALSE,FALSE,TRUE,0.9454517312572588,0.9240785813737123,0.985910904467531
92,TRUE,TRUE,TRUE,0.9454517312572588,1.0906923320722224,1.000104652994346
93,TRUE,TRUE,FALSE,0.9454517312572588,0.7106221894186786,0.9386315334135507
94,FALSE,FALSE,TRUE,0.9454517312572588,0.9262572044841163,0.9841917837448311
95,FALSE,FALSE,TRUE,0.9454517312572588,0.870795592329649,0.9958142855068716
96,FALSE,FALSE,TRUE,0.9454517312572588,0.7470633533684128,0.9447224682149323
97,TRUE,TRUE,FALSE,0.9454517312572588,1.0047724105682092,0.9991972800172269
98,FALSE,FALSE,TRUE,0.9454517312572588,0.9799360391801077,0.9844138960810311
99,TRUE,TRUE,FALSE,0.9454517312572588,0.7106221894186786,0.9386315334135507
100,FALSE,FALSE,FALSE,0.9454517312572588,0.710634266128739,0.938632001570387
101,TRUE,FALSE,TRUE,0.9454517312572588,1.0155953279377181,0.9907463535867352
102,FALSE,FALSE,TRUE,0.9454517312572588,0.9083532274547546,0.977716532313408
103,TRUE,TRUE,FALSE,0.9454517312572588,1.0047724105682092,0.9991972800172269
104,TRUE,FALSE,TRUE,0.9454517312572588,1.0234358549563782,0.9964422115170268
105,FALSE,FALSE,TRUE,0.9454517312572588,0.8483196756213722,0.9986294147185271
106,TRUE,FALSE,TRUE,0.9454517312572588,0.5727995486489472,1.0041107564562508
107,FALSE,FALSE,TRUE,0.9454517312572588,0.8604833676164679,0.9997637151968061
108,FALSE,FALSE,TRUE,0.9454517312572588,0.7942211339112312,0.9651024918676373
109,FALSE,FALSE,TRUE,0.9454517312572588,0.9641353842657033,0.994535384060006
111,FALSE,FALSE,TRUE,0.9454517312572588,0.9900549579711937,0.9830064619439565
112,FALSE,FALSE,TRUE,0.9454517312572588,0.8841506903251226,0.9887717557371016
113,FALSE,FALSE,TRUE,0.9454517312572588,0.9170234902444274,0.9831490311258797
114,FALSE,FALSE,TRUE,0.9454517312572588,0.7346535954011866,0.9397092359613856
115,TRUE,TRUE,FALSE,0.9454517312572588,0.9821591572300363,1.0026921022716297
116,TRUE,TRUE,FALSE,0.9454517312572588,0.7106221894186786,0.9386315334135507
117,TRUE,TRUE,FALSE,0.9454517312572588,0.7106221894186786,0.9386315334135507
118,FALSE,FALSE,TRUE,0.9454517312572588,0.8806270564948513,0.992786011957859
119,TRUE,FALSE,FALSE,0.9454517312572588,0.9753773793727963,0.9969362882822619
120,TRUE,TRUE,FALSE,0.9454517312572588,1.0047724105682092,0.9991972800172269
121,FALSE,FALSE,TRUE,0.9454517312572588,0.9860787445498203,0.9861918319051447
122,TRUE,TRUE,FALSE,0.9454517312572588,1.0047724105682092,0.9991972800172269
123,FALSE,FALSE,TRUE,0.9454517312572588,0.9767926687448095,0.9888930392279917
124,TRUE,TRUE,FALSE,0.9454517312572588,0.9633753751269598,1.0057683586838781
125,FALSE,FALSE,TRUE,0.9454517312572588,0.8739665386585372,0.9761902143571299
126,TRUE,TRUE,FALSE,0.9454517312572588,0.7106221894186786,0.9386315334135507
127,TRUE,TRUE,FALSE,0.9454517312572588,0.7106221894186786,0.9386315334135507
128,TRUE,FALSE,FALSE,0.9454517312572588,1.0688521405698133,0.9900951615768987
129,FALSE,FALSE,TRUE,0.9454517312572588,0.9063644616124891,0.9868992324992225
130,TRUE,TRUE,FALSE,0.9454517312572588,1.0047724105682092,0.9991972800172269
131,FALSE,FALSE,TRUE,0.9454517312572588,0.7090096202383352,0.9407163653836744
132,FALSE,FALSE,TRUE,0.9454517312572588,0.8205794124312361,0.9688152223054374
133,TRUE,TRUE,FALSE,0.9454517312572588,0.9907439717169746,1.001342180791612
134,TRUE,TRUE,FALSE,0.9454517312572588,1.0047724105682092,0.9991972800172269
135,FALSE,FALSE,TRUE,0.9454517312572588,0.9612827313122047,0.9960096881350646
136,FALSE,FALSE,TRUE,0.9454517312572588,1.03264674819387,1.001960333305853
137,TRUE,TRUE,FALSE,0.9454517312572588,0.9633753751269598,1.0057683586838781
138,FALSE,FALSE,TRUE,0.9454517312572588,0.8709694496654012,0.9895907388558327
139,FALSE,FALSE,TRUE,0.9454517312572588,0.8012881119900865,0.992544045746825
140,TRUE,TRUE,FALSE,0.9454517312572588,1.0047724105682092,0.9991972800172269
141,FALSE,FALSE,TRUE,0.9454517312572588,0.9791760351591602,0.9980680814322644
142,FALSE,FALSE,TRUE,0.9454517312572588,0.7212972692553429,0.9944122423958591
143,FALSE,FALSE,TRUE,0.9454517312572588,0.9110502966422509,0.9911497275984228
144,TRUE,TRUE,FALSE,0.9454517312572588,0.7106221894186786,0.9386315334135507
145,FALSE,FALSE,TRUE,0.9454517312572588,0.9619782627669041,0.9989276900975301
146,FALSE,FALSE,TRUE,0.9454517312572588,0.9869641393379472,0.9993715723013793
147,FALSE,FALSE,FALSE,0.9454517312572588,1.1196798428625532,0.9941519719035348
148,FALSE,FALSE,FALSE,0.9454517312572588,0.7208182747908295,0.9394473740775604
149,TRUE,TRUE,FALSE,0.9454517312572588,1.052978490527367,1.0113020443673462
150,FALSE,FALSE,TRUE,0.9454517312572588,0.891881304897082,0.9830725822590457
151,TRUE,TRUE,FALSE,0.9454517312572588,0.7106221894186786,0.9386315334135507
152,TRUE,TRUE,FALSE,0.9454517312572588,1.0047724105682092,0.9991972800172269
153,FALSE,FALSE,TRUE,0.9454517312572588,0.939422528364496,0.9791820311450731
154,TRUE,TRUE,FALSE,0.9454517312572588,0.9739494956473326,1.006326936736203
155,TRUE,FALSE,FALSE,0.9454517312572588,0.8866738935688819,0.9582323169583604
156,TRUE,FALSE,FALSE,0.9454517312572588,1.007255161624733,0.9920014592881617
157,FALSE,FALSE,TRUE,0.9454517312572588,0.8175777433494573,0.9715755174501097
158,FALSE,FALSE,TRUE,0.9454517312572588,0.9481827767091945,0.9993085015711756
159,TRUE,FALSE,FALSE,0.9454517312572588,0.8002597930294431,0.9784647183569738
160,TRUE,FALSE,TRUE,0.9454517312572588,1.131869196744121,0.9933602608111463
161,FALSE,FALSE,TRUE,0.9454517312572588,0.8251325627477339,0.9503769439157786
162,FALSE,FALSE,TRUE,0.9454517312572588,0.9858615163966931,0.9770109281123432
163,TRUE,FALSE,FALSE,0.9454517312572588,0.8284397287959548,0.9673046916209
164,TRUE,TRUE,FALSE,0.9454517312572588,1.0047724105682092,0.9991972800172269
165,FALSE,FALSE,TRUE,0.9454517312572588,1.0177428585295991,1.0010232701130235
166,FALSE,FALSE,TRUE,0.9454517312572588,0.9845693577839751,0.999903111735144
167,FALSE,FALSE,TRUE,0.9454517312572588,1.0094413384302388,0.9991922255224688
168,FALSE,FALSE,TRUE,0.9454517312572588,1.071275944705765,0.9811163200685773
169,FALSE,FALSE,TRUE,0.9454517312572588,0.9280100187396481,0.9938022763579967
170,FALSE,FALSE,TRUE,0.9454517312572588,0.8290407701128427,0.9671547359118584
171,TRUE,TRUE,FALSE,0.9454517312572588,1.052978490527367,1.0113020443673462
172,TRUE,TRUE,FALSE,0.9454517312572588,0.7106221894186786,0.9386315334135507
173,FALSE,FALSE,TRUE,0.9454517312572588,0.9152755074807022,1.0084442151391582
174,FALSE,FALSE,TRUE,0.9454517312572588,1.0185185538042774,0.999386679944503
175,TRUE,FALSE,FALSE,0.9454517312572588,0.9114722601475659,0.9828221576638191
176,TRUE,TRUE,FALSE,0.9454517312572588,1.052978490527367,1.0113020443673462
177,TRUE,FALSE,TRUE,0.9454517312572588,0.8280794313200649,0.9820539794032609
178,FALSE,FALSE,TRUE,0.9454517312572588,0.8976924296229937,0.9896981328964042
179,FALSE,FALSE,TRUE,0.9454517312572588,0.9788818287803733,0.9998216349463647
180,FALSE,FALSE,TRUE,0.9454517312572588,0.8193461524960541,0.9942402872649964
181,TRUE,FALSE,TRUE,0.9454517312572588,0.8683814563300372,0.9829168152557951
182,TRUE,TRUE,FALSE,0.9454517312572588,1.0047724105682092,0.9991972800172269
183,FALSE,FALSE,TRUE,0.9454517312572588,1.0120115868296948,1.0016725765030752
184,TRUE,TRUE,FALSE,0.9454517312572588,0.7106221894186786,0.9386315334135507
185,TRUE,TRUE,FALSE,0.9454517312572588,1.0047724105682092,0.9991972800172269
186,FALSE,FALSE,TRUE,0.9454517312572588,0.8953050468388205,0.9859380385073443
187,TRUE,FALSE,TRUE,0.9454517312572588,0.6242186501972115,0.9891547445313132
188,FALSE,FALSE,TRUE,0.9454517312572588,1.001671306438305,0.9905393121410349
189,TRUE,FALSE,TRUE,0.9454517312572588,0.9560409079800275,0.9970952637791104
190,FALSE,FALSE,TRUE,0.9454517312572588,0.8997122105739894,0.979844477258522
191,FALSE,FALSE,TRUE,0.9454517312572588,0.959310564280614,0.9939575776911366
192,TRUE,FALSE,FALSE,0.9454517312572588,0.6169812865140685,0.9754689686889733
193,FALSE,FALSE,TRUE,0.9454517312572588,0.96227136593402,0.9899940671170404
194,FALSE,FALSE,TRUE,0.9454517312572588,0.8790153379743819,0.9828491028721172
195,FALSE,FALSE,TRUE,0.9454517312572588,0.8966118024325906,0.9917449284000741
196,TRUE,TRUE,FALSE,0.9454517312572588,0.7106221894186786,0.9386315334135507
197,FALSE,FALSE,TRUE,0.9454517312572588,0.8236349925786199,1.0009421532076543
198,TRUE,TRUE,FALSE,0.9454517312572588,0.7106221894186786,0.9386315334135507
199,TRUE,TRUE,FALSE,0.9454517312572588,0.9633753751269598,1.0057683586838781
200,TRUE,TRUE,FALSE,0.9454517312572588,0.7106221894186786,0.9386315334135507
201,FALSE,FALSE,FALSE,0.9454517312572588,0.9911411333204215,0.981436766702359
202,FALSE,FALSE,TRUE,0.9454517312572588,1.0149406069197915,0.986267879203803
203,TRUE,TRUE,FALSE,0.9454517312572588,0.9633753751269598,1.0057683586838781
204,TRUE,TRUE,FALSE,0.9454517312572588,1.052978490527367,1.0113020443673462
205,FALSE,FALSE,TRUE,0.9454517312572588,0.9293272506788961,0.9793737810964226
206,TRUE,FALSE,FALSE,0.9454517312572588,0.9422180336090865,0.9900531867645277
207,FALSE,FALSE,TRUE,0.9454517312572588,0.9044514441877155,0.9949655454025649
208,FALSE,FALSE,FALSE,0.9454517312572588,0.7295749049085622,0.9393193093630676
209,FALSE,FALSE,TRUE,0.9454517312572588,0.9266141794760958,0.9982206225345973
210,FALSE,FALSE,TRUE,0.9454517312572588,1.178952144702363,0.9854511964060779
211,FALSE,FALSE,TRUE,0.9454517312572588,1.0257591294766588,1.0019303279964682
212,TRUE,TRUE,FALSE,0.9454517312572588,1.0047724105682092,0.9991972800172269
213,TRUE,TRUE,FALSE,0.9454517312572588,0.7106221894186786,0.9386315334135507
214,FALSE,FALSE,TRUE,0.9454517312572588,1.008425617069748,0.9833631959911304
215,FALSE,FALSE,TRUE,0.9454517312572588,1.1237716767984933,0.9641367434011747
216,FALSE,FALSE,TRUE,0.9454517312572588,0.7090339629500936,0.9406958370248901
218,TRUE,FALSE,TRUE,0.9454517312572588,1.0002883416210335,0.9930594498595503
219,FALSE,FALSE,TRUE,0.9454517312572588,0.9738650279076196,0.99294272422749
220,TRUE,FALSE,TRUE,0.9454517312572588,0.9429292068684221,0.9450048956987336
221,TRUE,FALSE,TRUE,0.9454517312572588,0.8683814563300372,0.9829168152557951
222,FALSE,FALSE,TRUE,0.9454517312572588,0.7103926390608887,0.9552348415953329
223,TRUE,TRUE,FALSE,0.9454517312572588,1.024742382277317,1.0038495427378664
224,TRUE,TRUE,FALSE,0.9454517312572588,1.0047724105682092,0.9991972800172269
225,TRUE,TRUE,FALSE,0.9454517312572588,0.7106221894186786,0.9386315334135507
226,TRUE,TRUE,FALSE,0.9454517312572588,1.0047724105682092,0.9991972800172269
227,FALSE,FALSE,TRUE,0.9454517312572588,0.9237792638019177,0.9994580398529227
228,FALSE,FALSE,TRUE,0.9454517312572588,0.9169991119579787,0.9831448600252763
229,FALSE,FALSE,TRUE,0.9454517312572588,1.008721068576865,0.9879092083433706
230,TRUE,TRUE,FALSE,0.9454517312572588,0.7106221894186786,0.9386315334135507
231,FALSE,FALSE,TRUE,0.9454517312572588,0.7959117372518134,0.9750315171815183
232,TRUE,TRUE,FALSE,0.9454517312572588,0.7106221894186786,0.9386315334135507
233,FALSE,FALSE,TRUE,0.9454517312572588,1.0005457081431088,0.9886118077306939
234,FALSE,FALSE,TRUE,0.9454517312572588,1.0246436959659522,1.0103806521278274
235,FALSE,FALSE,FALSE,0.9454517312572588,1.0417121262662203,0.9951014611534867
236,TRUE,FALSE,FALSE,0.9454517312572588,0.9753773793727963,0.9969362882822619
237,TRUE,TRUE,FALSE,0.9454517312572588,1.0047724105682092,0.9991972800172269
238,FALSE,FALSE,TRUE,0.9454517312572588,0.7321584107070683,0.9760995391379517
239,FALSE,FALSE,TRUE,0.9454517312572588,0.8183860223467991,0.9700958296609845
240,TRUE,FALSE,TRUE,0.9454517312572588,1.0206441987539205,0.9899012741278447
241,TRUE,TRUE,FALSE,0.9454517312572588,0.7106221894186786,0.9386315334135507
242,FALSE,FALSE,TRUE,0.9454517312572588,0.9203755806385844,0.9816491429379232
243,FALSE,FALSE,TRUE,0.9454517312572588,1.021846487907467,1.0037533679238306
244,TRUE,FALSE,TRUE,0.9454517312572588,0.9966443965813592,0.9870653143250924
245,FALSE,FALSE,TRUE,0.9454517312572588,0.933016413385733,0.961969659902363
246,FALSE,FALSE,TRUE,0.9454517312572588,0.9418935298544119,0.9837005273729353
247,FALSE,FALSE,TRUE,0.9454517312572588,0.8708970924157866,0.971825215584904
248,TRUE,FALSE,TRUE,0.9454517312572588,0.8222617086607084,0.9688186622766051
249,FALSE,FALSE,TRUE,0.9454517312572588,0.6706423046266168,0.9623236505134161
250,TRUE,FALSE,TRUE,0.9454517312572588,0.8814126247922337,0.9886243424538604
251,FALSE,FALSE,TRUE,0.9454517312572588,0.9780673819750201,0.9883949688403215
252,FALSE,FALSE,TRUE,0.9454517312572588,0.9723183357379152,0.9889963454502044
253,FALSE,FALSE,FALSE,0.9454517312572588,0.8291926129056835,0.9639448390184506
254,TRUE,TRUE,FALSE,0.9454517312572588,0.7106221894186786,0.9386315334135507
255,TRUE,TRUE,FALSE,0.9454517312572588,0.9821591572300363,1.0026921022716297
256,FALSE,FALSE,TRUE,0.9454517312572588,1.0135679853665838,0.9906582024563209
257,TRUE,TRUE,FALSE,0.9454517312572588,1.0047724105682092,0.9991972800172269
258,FALSE,FALSE,FALSE,0.9454517312572588,0.7111521600696862,0.9387457455111335
259,FALSE,FALSE,TRUE,0.9454517312572588,0.7317086327322175,0.942753830062097
260,FALSE,FALSE,TRUE,0.9454517312572588,0.7332450636458916,0.9416092272333751
261,FALSE,FALSE,TRUE,0.9454517312572588,0.9010570084724292,0.995112060444835
262,TRUE,FALSE,TRUE,0.9454517312572588,1.0395891009039184,0.9865116220701713
263,FALSE,FALSE,FALSE,0.9454517312572588,1.0401705104050065,0.9940513855153373
264,TRUE,TRUE,FALSE,0.9454517312572588,1.0047724105682092,0.9991972800172269
265,FALSE,FALSE,FALSE,0.9454517312572588,0.9904729279598954,0.9939415630735539
266,TRUE,TRUE,FALSE,0.9454517312572588,0.7106221894186786,0.9386315334135507
268,FALSE,FALSE,TRUE,0.9454517312572588,1.0129976304580857,0.9981131619045337
269,FALSE,FALSE,TRUE,0.9454517312572588,0.9941302857546042,0.9978256322267083
271,FALSE,FALSE,TRUE,0.9454517312572588,0.9315257322019288,0.9953094945916643
272,FALSE,FALSE,FALSE,0.9454517312572588,0.9851091168957578,1.0103246579945544
273,FALSE,FALSE,TRUE,0.9454517312572588,0.9443856843988544,0.9842239575933969
274,TRUE,TRUE,FALSE,0.9454517312572588,1.0047724105682092,0.9991972800172269
275,FALSE,FALSE,TRUE,0.9454517312572588,0.8935841447092463,0.9989152725590948
276,FALSE,FALSE,TRUE,0.9454517312572588,0.879785286081808,0.9794375003203406
277,TRUE,TRUE,FALSE,0.9454517312572588,0.7106221894186786,0.9386315334135507
278,TRUE,TRUE,FALSE,0.9454517312572588,1.0047724105682092,0.9991972800172269
279,TRUE,TRUE,FALSE,0.9454517312572588,0.7106221894186786,0.9386315334135507
280,TRUE,TRUE,FALSE,0.9454517312572588,1.046094286418518,1.0043837434462348
281,FALSE,FALSE,TRUE,0.9454517312572588,0.7286165081868459,0.9977899076196025
282,FALSE,FALSE,TRUE,0.9454517312572588,1.0228711545629827,0.9913246195946988
283,TRUE,TRUE,FALSE,0.9454517312572588,0.7106221894186786,0.9386315334135507
284,TRUE,FALSE,TRUE,0.9454517312572588,0.81255779544245,0.9856345848626555
285,FALSE,FALSE,TRUE,0.9454517312572588,0.7335404393221219,0.9416389902609842
286,TRUE,TRUE,FALSE,0.9454517312572588,1.024742382277317,1.0038495427378664
287,FALSE,FALSE,FALSE,0.9454517312572588,0.7105730904410675,0.9387283359713048
288,TRUE,FALSE,FALSE,0.9454517312572588,1.007255161624733,0.9920014592881617
289,TRUE,TRUE,FALSE,0.9454517312572588,1.052978490527367,1.0113020443673462
290,TRUE,TRUE,FALSE,0.9454517312572588,1.052978490527367,1.0113020443673462
291,FALSE,FALSE,TRUE,0.9454517312572588,0.8110297656457967,0.9675606692545426
292,FALSE,FALSE,TRUE,0.9454517312572588,1.0179830409529997,1.0038632365075935
293,TRUE,TRUE,FALSE,0.9454517312572588,0.7106221894186786,0.9386315334135507
294,FALSE,FALSE,TRUE,0.9454517312572588,0.9612776582911973,0.9816242373096895
295,TRUE,TRUE,FALSE,0.9454517312572588,0.7106221894186786,0.9386315334135507
296,FALSE,FALSE,TRUE,0.9454517312572588,0.7572466042342773,0.940378088483148
297,FALSE,FALSE,TRUE,0.9454517312572588,0.9162093307912137,0.9938654404316007
298,FALSE,FALSE,TRUE,0.9454517312572588,0.985685106449443,0.9969529345558876
299,TRUE,FALSE,FALSE,0.9454517312572588,0.9643409151056694,0.9923798072474798
300,TRUE,TRUE,FALSE,0.9454517312572588,1.0047724105682092,0.9991972800172269
301,TRUE,FALSE,TRUE,0.9454517312572588,0.8486420957631119,0.995569426521436
302,TRUE,TRUE,FALSE,0.9454517312572588,1.052978490527367,1.0113020443673462
303,FALSE,FALSE,TRUE,0.9454517312572588,0.9559899060997161,0.995475683216447
304,TRUE,FALSE,FALSE,0.9454517312572588,1.0858129876845335,0.9600339209013151
305,TRUE,FALSE,FALSE,0.9454517312572588,0.9422180336090865,0.9900531867645277
306,FALSE,FALSE,TRUE,0.9454517312572588,0.7074853784045004,0.9419932503711197
307,TRUE,TRUE,FALSE,0.9454517312572588,0.7106221894186786,0.9386315334135507
308,FALSE,FALSE,TRUE,0.9454517312572588,0.9147315949435465,0.9808020222113101
309,FALSE,FALSE,TRUE,0.9454517312572588,0.7090483828511801,0.9406971370233856
310,TRUE,TRUE,FALSE,0.9454517312572588,1.0047724105682092,0.9991972800172269
311,FALSE,FALSE,FALSE,0.9454517312572588,0.7221146025503475,0.9436331317951203
312,TRUE,TRUE,FALSE,0.9454517312572588,1.058108624889874,1.0080286632947242
313,FALSE,FALSE,FALSE,0.9454517312572588,1.0722146817717482,0.9614733537587641
314,FALSE,FALSE,TRUE,0.9454517312572588,0.9930477144234731,0.9876533426699308
315,TRUE,TRUE,FALSE,0.9454517312572588,0.7106221894186786,0.9386315334135507
316,TRUE,TRUE,FALSE,0.9454517312572588,0.7106221894186786,0.9386315334135507
317,TRUE,TRUE,FALSE,0.9454517312572588,0.7106221894186786,0.9386315334135507
318,TRUE,TRUE,FALSE,0.9454517312572588,1.052978490527367,1.0113020443673462
319,TRUE,TRUE,FALSE,0.9454517312572588,1.0047724105682092,0.9991972800172269
320,TRUE,FALSE,FALSE,0.9454517312572588,0.7760889685082162,0.9654476487407768
321,FALSE,FALSE,TRUE,0.9454517312572588,0.9170234902444274,0.9831490311258797
322,FALSE,FALSE,TRUE,0.9454517312572588,0.9880415776132432,0.9868183436152718
323,FALSE,FALSE,TRUE,0.9454517312572588,0.8418074017819528,0.98378662443834
324,FALSE,FALSE,TRUE,0.9454517312572588,1.004451815556263,0.9899342078642592
325,TRUE,TRUE,FALSE,0.9454517312572588,0.7106221894186786,0.9386315334135507
326,TRUE,FALSE,TRUE,0.9454517312572588,0.8964368981984165,0.9857196798279049
327,TRUE,FALSE,FALSE,0.9454517312572588,1.1144627854119082,0.9960388966075466
328,FALSE,FALSE,TRUE,0.9454517312572588,0.9302114532289166,0.9858962583253339
329,FALSE,FALSE,TRUE,0.9454517312572588,0.9485495768483174,0.9981087822932327
330,TRUE,TRUE,FALSE,0.9454517312572588,1.052978490527367,1.0113020443673462
331,FALSE,FALSE,FALSE,0.9454517312572588,0.9975177440395052,0.9997763838699764
332,TRUE,FALSE,FALSE,0.9454517312572588,1.0313578827004835,0.9953018860403967
333,FALSE,FALSE,TRUE,0.9454517312572588,0.915387290761217,0.9965265931306054
334,TRUE,TRUE,FALSE,0.9454517312572588,1.0047724105682092,0.9991972800172269
335,FALSE,FALSE,TRUE,0.9454517312572588,0.9357097319794175,0.9773485403769376
336,TRUE,FALSE,TRUE,0.9454517312572588,0.9464034083597209,0.9841273540607027
337,FALSE,FALSE,TRUE,0.9454517312572588,1.0246252615569704,0.9853584688339423
338,FALSE,FALSE,TRUE,0.9454517312572588,0.961443769720929,0.9944971660089803
339,TRUE,FALSE,TRUE,0.9454517312572588,0.9850306501398602,0.9915940806228671
340,FALSE,FALSE,TRUE,0.9454517312572588,0.9953147723578594,0.991635741135384
341,FALSE,FALSE,TRUE,0.9454517312572588,1.0400580616023387,0.967185187022359
342,TRUE,TRUE,FALSE,0.9454517312572588,1.052978490527367,1.0113020443673462
343,FALSE,FALSE,TRUE,0.9454517312572588,0.954936026756296,0.9815259553701288
344,TRUE,TRUE,FALSE,0.9454517312572588,1.052978490527367,1.0113020443673462
345,FALSE,FALSE,TRUE,0.9454517312572588,1.0107691879527507,0.9969513052302627
346,TRUE,TRUE,FALSE,0.9454517312572588,1.0307275158294948,0.9995387584860662
347,TRUE,TRUE,FALSE,0.9454517312572588,1.052978490527367,1.0113020443673462
348,TRUE,FALSE,TRUE,0.9454517312572588,0.857953605456062,0.9968513152178174
349,FALSE,FALSE,TRUE,0.9454517312572588,0.9183274943975397,0.9812493058011378
350,FALSE,FALSE,TRUE,0.9454517312572588,0.912638925265663,0.9900235661467076
351,TRUE,FALSE,FALSE,0.9454517312572588,0.919803391307594,1.0000340932565481
352,TRUE,TRUE,FALSE,0.9454517312572588,1.0047724105682092,0.9991972800172269
353,FALSE,FALSE,TRUE,0.9454517312572588,0.8917577279176289,0.9827166998994221
354,FALSE,FALSE,TRUE,0.9454517312572588,0.9954971609524039,0.9992832027820757
355,FALSE,FALSE,FALSE,0.9454517312572588,1.1300170275166703,0.9627619811829539
356,TRUE,TRUE,FALSE,0.9454517312572588,1.0047724105682092,0.9991972800172269
357,TRUE,FALSE,FALSE,0.9454517312572588,1.087524378914296,1.0007021406297634
358,FALSE,FALSE,FALSE,0.9454517312572588,0.710634266128739,0.938632001570387
359,TRUE,TRUE,FALSE,0.9454517312572588,0.7106221894186786,0.9386315334135507
360,TRUE,TRUE,FALSE,0.9454517312572588,1.0047724105682092,0.9991972800172269
362,FALSE,FALSE,TRUE,0.9454517312572588,0.9774575457020032,0.9843038368161934
363,TRUE,TRUE,FALSE,0.9454517312572588,0.7106221894186786,0.9386315334135507
364,FALSE,FALSE,TRUE,0.9454517312572588,1.0276250479899842,1.0042797618969856
365,TRUE,TRUE,FALSE,0.9454517312572588,1.0047724105682092,0.9991972800172269
366,FALSE,FALSE,TRUE,0.9454517312572588,0.8656519415213189,0.9804022221915416
367,FALSE,FALSE,FALSE,0.9454517312572588,0.9353352254516067,0.9834453889160666
368,TRUE,TRUE,FALSE,0.9454517312572588,0.7106221894186786,0.9386315334135507
369,TRUE,TRUE,FALSE,0.9454517312572588,1.0047724105682092,0.9991972800172269
370,TRUE,TRUE,FALSE,0.9454517312572588,1.052978490527367,1.0113020443673462
371,FALSE,FALSE,TRUE,0.9454517312572588,1.0106868562502682,0.9834031412779274
372,FALSE,FALSE,FALSE,0.9454517312572588,0.9525985814688676,0.9973534365827504
373,FALSE,FALSE,FALSE,0.9454517312572588,0.9883373104468509,1.0073258452656568
374,FALSE,FALSE,TRUE,0.9454517312572588,0.8701186488907389,0.9878090338372548
375,TRUE,FALSE,FALSE,0.9454517312572588,0.9422180336090865,0.9900531867645277
376,FALSE,FALSE,TRUE,0.9454517312572588,0.9820727350002895,0.9974120016842515
377,FALSE,FALSE,TRUE,0.9454517312572588,0.7106444246927275,0.9395467955906125
378,TRUE,TRUE,FALSE,0.9454517312572588,0.7106221894186786,0.9386315334135507
379,FALSE,FALSE,TRUE,0.9454517312572588,0.8846001689036452,0.9913533153584145
380,FALSE,FALSE,TRUE,0.9454517312572588,0.7573941565632585,0.9403882645273898
381,TRUE,TRUE,FALSE,0.9454517312572588,1.06792668421204,1.0049684857103773
382,FALSE,FALSE,TRUE,0.9454517312572588,1.0737584683121675,0.9894336330156267
383,TRUE,FALSE,TRUE,0.9454517312572588,0.9471029434077205,0.977668071328344
384,TRUE,FALSE,TRUE,0.9454517312572588,1.070680201148836,1.0042798178955017
385,TRUE,FALSE,TRUE,0.9454517312572588,1.1320699330510746,0.9933301868185893
386,TRUE,TRUE,FALSE,0.9454517312572588,0.7106221894186786,0.9386315334135507
387,TRUE,TRUE,FALSE,0.9454517312572588,1.052978490527367,1.0113020443673462
388,TRUE,FALSE,TRUE,0.9454517312572588,0.9721254287774135,1.0041840318889668
389,FALSE,FALSE,FALSE,0.9454517312572588,0.8599043138762943,0.9826566924560619
390,FALSE,FALSE,TRUE,0.9454517312572588,0.9280107892575661,0.9973255285747337
391,FALSE,FALSE,TRUE,0.9454517312572588,0.751877192612024,0.9408996726742629
392,FALSE,FALSE,TRUE,0.9454517312572588,0.9143647772123619,0.9987792485960827
393,FALSE,FALSE,TRUE,0.9454517312572588,0.7870804658785067,0.9955696576198343
394,TRUE,FALSE,FALSE,0.9454517312572588,1.007255161624733,0.9920014592881617
396,FALSE,FALSE,TRUE,0.9454517312572588,0.9784359385174294,0.9994909829095815
397,FALSE,FALSE,TRUE,0.9454517312572588,0.7003862636383501,0.9463352101578871
398,TRUE,TRUE,FALSE,0.9454517312572588,0.7106222921406696,0.9386315649242896
399,TRUE,TRUE,FALSE,0.9454517312572588,1.0047724105682092,0.9991972800172269
400,TRUE,TRUE,FALSE,0.9454517312572588,0.7106221894186786,0.9386315334135507
401,FALSE,FALSE,TRUE,0.9454517312572588,0.9170234902444274,0.9831490311258797
402,FALSE,FALSE,TRUE,0.9454517312572588,1.01196606156905,0.9993283280998243
403,TRUE,FALSE,TRUE,0.9454517312572588,0.9104156375220527,0.9853569020083165
404,FALSE,FALSE,TRUE,0.9454517312572588,0.817338208839344,0.9647341571370225
405,TRUE,TRUE,FALSE,0.9454517312572588,1.0162591358047066,1.001863131001044
406,TRUE,TRUE,FALSE,0.9454517312572588,1.0047724105682092,0.9991972800172269
407,TRUE,TRUE,FALSE,0.9454517312572588,0.7106221894186786,0.9386315334135507
408,FALSE,FALSE,TRUE,0.9454517312572588,0.9872956919996233,0.9950173657068769
409,FALSE,FALSE,TRUE,0.9454517312572588,0.9959736380530546,0.9821865956547629
410,TRUE,TRUE,FALSE,0.9454517312572588,1.052978490527367,1.0113020443673462
411,TRUE,TRUE,FALSE,0.9454517312572588,0.7106221894186786,0.9386315334135507
412,FALSE,FALSE,TRUE,0.9454517312572588,0.9013436656946174,0.9790277143708089
413,FALSE,FALSE,TRUE,0.9454517312572588,1.0479404435682478,0.9929633752691822
414,FALSE,FALSE,TRUE,0.9454517312572588,0.7708990238336256,0.9942481067241089
415,FALSE,FALSE,TRUE,0.9454517312572588,0.9370126885830341,1.0012431595506992
416,TRUE,FALSE,TRUE,0.9454517312572588,0.7974251773122261,0.9571081386395323
417,TRUE,FALSE,TRUE,0.9454517312572588,0.8682951146860977,0.9724484523419339
418,FALSE,FALSE,TRUE,0.9454517312572588,0.9690417472378489,0.9847822624493865
419,FALSE,FALSE,TRUE,0.9454517312572588,0.7796099010306178,0.9944697995152308
420,FALSE,FALSE,TRUE,0.9454517312572588,0.9650855946301443,0.9655026088154898
421,TRUE,TRUE,FALSE,0.9454517312572588,1.0071870474130802,1.0033965523193424
422,FALSE,FALSE,TRUE,0.9454517312572588,0.9222819060119707,0.9994083813952352
423,TRUE,TRUE,FALSE,0.9454517312572588,0.7106222517249456,0.9386315522909305
424,TRUE,TRUE,FALSE,0.9454517312572588,1.0162591358047066,1.001863131001044
425,FALSE,FALSE,TRUE,0.9454517312572588,0.9610370270289974,0.9654884469516294
426,FALSE,FALSE,FALSE,0.9454517312572588,0.7106717435066086,0.9386386605380626
427,TRUE,TRUE,FALSE,0.9454517312572588,0.7106221894186786,0.9386315334135507
428,TRUE,TRUE,FALSE,0.9454517312572588,0.7106221894186786,0.9386315334135507
429,TRUE,TRUE,FALSE,0.9454517312572588,0.7106221894186786,0.9386315334135507
431,TRUE,TRUE,FALSE,0.9454517312572588,1.0055716855764938,1.0080448366448687
432,FALSE,FALSE,TRUE,0.9454517312572588,0.984920586949867,0.9984653919751368
433,FALSE,FALSE,TRUE,0.9454517312572588,0.9672097321796439,0.993209763281169
434,FALSE,FALSE,TRUE,0.9454517312572588,0.9897918349441243,0.9862428079725056
435,TRUE,TRUE,FALSE,0.9454517312572588,0.7106221894186786,0.9386315334135507
436,FALSE,FALSE,TRUE,0.9454517312572588,0.9170234902444274,0.9831490311258797
437,TRUE,TRUE,FALSE,0.9454517312572588,1.0047724105682092,0.9991972800172269
438,TRUE,TRUE,FALSE,0.9454517312572588,0.7106221894186786,0.9386315334135507
439,FALSE,FALSE,FALSE,0.9454517312572588,0.8901140363890542,0.9825093979171593
440,TRUE,FALSE,FALSE,0.9454517312572588,1.0741351665747627,0.989383004213681
441,FALSE,FALSE,TRUE,0.9454517312572588,0.9853319326586147,1.003668972479193
442,FALSE,FALSE,TRUE,0.9454517312572588,0.9474210012965625,1.0021972762138005
443,TRUE,FALSE,TRUE,0.9454517312572588,1.0206441987539205,0.9899012741278447
444,TRUE,FALSE,TRUE,0.9454517312572588,0.8860265358199224,0.978335695786034
445,FALSE,FALSE,TRUE,0.9454517312572588,0.8231963862933115,0.9426346941022989
446,TRUE,TRUE,FALSE,0.9454517312572588,1.0047724105682092,0.9991972800172269
447,FALSE,FALSE,TRUE,0.9454517312572588,0.9170319110784786,0.9831454661253577
448,FALSE,FALSE,FALSE,0.9454517312572588,1.0260351390888431,0.9960662898923396
449,FALSE,FALSE,FALSE,0.9454517312572588,0.7095788217804913,0.9408621224924726
450,TRUE,TRUE,FALSE,0.9454517312572588,1.052978490527367,1.0113020443673462
451,TRUE,FALSE,FALSE,0.9454517312572588,1.1415303908760528,0.9605557210892083
453,FALSE,FALSE,TRUE,0.9454517312572588,1.0082684238297879,0.9822663634169619
454,FALSE,FALSE,TRUE,0.9454517312572588,0.941902199626053,0.9897320169861816
455,FALSE,FALSE,TRUE,0.9454517312572588,0.8292562658375146,0.9660889760052421
456,TRUE,FALSE,FALSE,0.9454517312572588,0.753479334370202,0.9536789348125309
457,TRUE,TRUE,FALSE,0.9454517312572588,0.7106221894186786,0.9386315334135507
458,FALSE,FALSE,TRUE,0.9454517312572588,0.8741242314566022,0.9928450882047146
459,FALSE,FALSE,TRUE,0.9454517312572588,0.9791760351591602,0.9980680814322644
460,FALSE,FALSE,TRUE,0.9454517312572588,0.9467248889860478,0.9831163455181158
461,TRUE,FALSE,TRUE,0.9454517312572588,0.9578306873737792,0.999699916379577
462,TRUE,TRUE,FALSE,0.9454517312572588,0.7106221894186786,0.9386315334135507
463,FALSE,FALSE,TRUE,0.9454517312572588,0.9178280326556281,0.9855758645029243
464,TRUE,FALSE,FALSE,0.9454517312572588,0.9483378874135993,0.9950469981369112
465,FALSE,FALSE,FALSE,0.9454517312572588,0.7395461210082933,0.9432781183483748
466,TRUE,TRUE,FALSE,0.9454517312572588,0.7106221894186786,0.9386315334135507
467,FALSE,FALSE,TRUE,0.9454517312572588,0.9456914507935887,0.9911647067978704
468,FALSE,FALSE,TRUE,0.9454517312572588,1.019672850978406,0.9901364543795993
469,TRUE,FALSE,TRUE,0.9454517312572588,0.9578306873737792,0.999699916379577
470,TRUE,FALSE,TRUE,0.9454517312572588,0.7420638946668088,0.948779287485674
471,TRUE,TRUE,FALSE,0.9454517312572588,0.7106221894186786,0.9386315334135507
472,TRUE,TRUE,FALSE,0.9454517312572588,1.0055716855764938,1.0080448366448687
473,FALSE,FALSE,TRUE,0.9454517312572588,0.9047917854197971,0.9879598389566259
474,FALSE,FALSE,TRUE,0.9454517312572588,0.9368299624490956,0.999574932826263
475,TRUE,TRUE,FALSE,0.9454517312572588,0.7106221894186786,0.9386315334135507
476,FALSE,FALSE,TRUE,0.9454517312572588,0.9765237982728906,0.9994875533135493
477,TRUE,FALSE,TRUE,0.9454517312572588,0.8599529207740413,0.99950155302723
478,FALSE,FALSE,TRUE,0.9454517312572588,0.7495940307789657,0.9398580593649277
479,TRUE,TRUE,FALSE,0.9454517312572588,1.0047724105682092,0.9991972800172269
480,FALSE,FALSE,FALSE,0.9454517312572588,0.7160262560134354,0.9391221493439592
481,FALSE,FALSE,TRUE,0.9454517312572588,0.9741952113486314,0.9950156309799932
482,TRUE,TRUE,FALSE,0.9454517312572588,1.052978490527367,1.0113020443673462
483,FALSE,FALSE,TRUE,0.9454517312572588,0.9833879032297977,0.9810350171714995
484,TRUE,FALSE,TRUE,0.9454517312572588,0.6809647545162598,0.953340291049765
485,FALSE,FALSE,TRUE,0.9454517312572588,0.9980644785537547,0.999504458739394
486,TRUE,FALSE,TRUE,0.9454517312572588,0.9417180273311275,0.99615838719416006
487,TRUE,TRUE,FALSE,0.9454517312572588,0.7106221894186786,0.9386315334135507
488,TRUE,TRUE,FALSE,0.9454517312572588,1.0047724105682092,0.9991972800172269
489,TRUE,TRUE,FALSE,0.9454517312572588,0.7106221894186786,0.9386315334135507
490,FALSE,FALSE,TRUE,0.9454517312572588,1.0182604873954948,0.9981043798724716
491,FALSE,FALSE,TRUE,0.9454517312572588,1.110908086879399,0.9843337051726236
492,TRUE,FALSE,TRUE,0.9454517312572588,0.9945117901942337,0.9874139539688073
493,FALSE,FALSE,TRUE,0.9454517312572588,0.6355432823531243,0.988082374859737
494,TRUE,TRUE,FALSE,0.9454517312572588,0.7106221894186786,0.9386315334135507
495,TRUE,FALSE,TRUE,0.9454517312572588,0.8730416079164323,0.9817898772201805
496,FALSE,FALSE,TRUE,0.9454517312572588,1.0808741143265823,0.9750835521713872
497,FALSE,FALSE,TRUE,0.9454517312572588,0.9350519332989303,0.9981514589663386
498,FALSE,FALSE,TRUE,0.9454517312572588,0.8762448338676632,0.991794991749901
499,TRUE,FALSE,FALSE,0.9454517312572588,0.981176445217218,0.9611535361244731
500,FALSE,FALSE,TRUE,0.9454517312572588,0.8671384025390457,0.9808617925643851
501,TRUE,TRUE,FALSE,0.9454517312572588,1.0047724105682092,0.9991972800172269
502,FALSE,FALSE,TRUE,0.9454517312572588,0.8830791008488463,0.992920833511506
503,TRUE,FALSE,TRUE,0.9454517312572588,1.0234358549563782,0.9964422115170268
504,FALSE,FALSE,TRUE,0.9454517312572588,0.9398083003137809,0.982807158551966
505,FALSE,FALSE,TRUE,0.9454517312572588,0.9262301733854478,0.9868330542937659
506,FALSE,FALSE,TRUE,0.9454517312572588,0.8987888168135186,0.9927410603516168
507,TRUE,TRUE,FALSE,0.9454517312572588,0.7106221894186786,0.9386315334135507
508,FALSE,FALSE,TRUE,0.9454517312572588,1.0833281130500028,0.9975153974967097
509,FALSE,FALSE,TRUE,0.9454517312572588,0.8976563704919981,0.9792536842206018
510,FALSE,FALSE,TRUE,0.9454517312572588,0.9007415652717925,0.9839373083366068
511,FALSE,FALSE,TRUE,0.9454517312572588,0.9959741889719609,0.9922689771622252
512,FALSE,FALSE,TRUE,0.9454517312572588,0.8923442166187392,0.9954532584834389
513,FALSE,FALSE,TRUE,0.9454517312572588,1.034752275275216,0.9861015633203419
514,FALSE,FALSE,TRUE,0.9454517312572588,1.1485534225087537,0.9620021297621028
515,FALSE,FALSE,TRUE,0.9454517312572588,1.033593992310202,1.0105843878662077
516,TRUE,TRUE,FALSE,0.9454517312572588,1.0047724105682092,0.9991972800172269
517,FALSE,FALSE,TRUE,0.9454517312572588,0.9186881426590398,0.9912917944206833
518,FALSE,FALSE,TRUE,0.9454517312572588,0.9309751634999447,1.0020412216607752
519,TRUE,TRUE,FALSE,0.9454517312572588,0.7106221894186786,0.9386315334135507
520,FALSE,FALSE,TRUE,0.9454517312572588,0.9146282538907842,0.9862003141948669
521,FALSE,FALSE,TRUE,0.9454517312572588,0.9186525598948269,0.9832660813363133
522,FALSE,FALSE,TRUE,0.9454517312572588,0.9793065492190459,1.0031477377873148
523,TRUE,FALSE,TRUE,0.9454517312572588,0.8683814563300372,0.9829168152557951
524,FALSE,FALSE,TRUE,0.9454517312572588,0.918356878861055,1.0072354687853071
525,FALSE,FALSE,FALSE,0.9454517312572588,0.7693808766653127,1.0000736710959985
526,FALSE,FALSE,TRUE,0.9454517312572588,0.97181519937003,0.9860062369360186
527,FALSE,FALSE,TRUE,0.9454517312572588,0.6658273438511768,0.9666833352380939
528,FALSE,FALSE,TRUE,0.9454517312572588,0.9195774265591102,0.9809949049811767
529,FALSE,FALSE,TRUE,0.9454517312572588,1.0672757074622234,0.9941148870383912
530,FALSE,FALSE,TRUE,0.9454517312572588,1.1263316472865563,0.9933374171446158
531,FALSE,FALSE,TRUE,0.9454517312572588,0.8986003089801088,0.9851890517588104
533,TRUE,FALSE,TRUE,0.9454517312572588,0.7289924342036271,1.0043470771989174
534,TRUE,FALSE,TRUE,0.9454517312572588,0.7835224040061208,0.9779536999958366
535,FALSE,FALSE,TRUE,0.9454517312572588,0.8271665851187157,0.9641288480861223
536,FALSE,FALSE,TRUE,0.9454517312572588,1.0495071107004839,0.99274553373194
537,FALSE,FALSE,TRUE,0.9454517312572588,0.9266576384463115,0.9844262145079044
539,TRUE,TRUE,FALSE,0.9454517312572588,1.052978490527367,1.0113020443673462
540,TRUE,FALSE,TRUE,0.9454517312572588,1.0234358549563782,0.9964422115170268
541,FALSE,FALSE,FALSE,0.9454517312572588,0.7074878524774746,0.9419959829496207
542,FALSE,FALSE,TRUE,0.9454517312572588,0.7620106853258546,0.9857281927611845
543,TRUE,TRUE,FALSE,0.9454517312572588,1.0162591358047066,1.001863131001044
544,FALSE,FALSE,FALSE,0.9454517312572588,0.9912904791614587,0.9975735109644154
545,FALSE,FALSE,TRUE,0.9454517312572588,1.0649075169422026,0.9649340938889592
546,TRUE,TRUE,FALSE,0.9454517312572588,1.0162591358047066,1.001863131001044
547,FALSE,FALSE,FALSE,0.9454517312572588,0.8172253825191169,0.9940075205202357
548,FALSE,FALSE,FALSE,0.9454517312572588,0.998789276660058,0.9992513327682857
549,TRUE,FALSE,TRUE,0.9454517312572588,0.9578306873737792,0.999699916379577
550,TRUE,TRUE,FALSE,0.9454517312572588,0.7106221894186786,0.9386315334135507
551,TRUE,FALSE,TRUE,0.9454517312572588,0.8139910226289964,0.9724010834124502
552,TRUE,FALSE,TRUE,0.9454517312572588,0.9262039409795648,0.9929715888666226
553,TRUE,FALSE,FALSE,0.9454517312572588,0.9753773793727963,0.9969362882822619
555,FALSE,FALSE,TRUE,0.9454517312572588,0.9791760351591602,0.9980680814322644
556,TRUE,TRUE,FALSE,0.9454517312572588,0.7106221894186786,0.9386315334135507
557,TRUE,TRUE,FALSE,0.9454517312572588,1.0047724105682092,0.9991972800172269
558,TRUE,FALSE,TRUE,0.9454517312572588,0.9497890471134066,1.0023155698428199
559,FALSE,FALSE,TRUE,0.9454517312572588,1.1031229065084287,0.9911341332122856
560,TRUE,FALSE,FALSE,0.9454517312572588,1.0249865070198245,0.9893454070257932
561,FALSE,FALSE,TRUE,0.9454517312572588,0.9352443787602132,0.9919882031348904
562,TRUE,FALSE,FALSE,0.9454517312572588,1.0557244626944944,1.0088585144535185
563,FALSE,FALSE,TRUE,0.9454517312572588,0.9832057801363464,0.9923228925835254
564,TRUE,FALSE,TRUE,0.9454517312572588,0.8890894295904839,0.967362147424979
565,TRUE,FALSE,TRUE,0.9454517312572588,1.0218573262806485,0.9723460285299509
566,FALSE,FALSE,TRUE,0.9454517312572588,0.9800892954494672,0.9707993825146701
567,TRUE,TRUE,FALSE,0.9454517312572588,1.0047724105682092,0.9991972800172269
568,FALSE,FALSE,TRUE,0.9454517312572588,0.8955401690648341,1.009847429535015
569,TRUE,FALSE,TRUE,0.9454517312572588,0.9543474580504199,0.9744512687788426
570,TRUE,TRUE,FALSE,0.9454517312572588,1.052978490527367,1.0113020443673462
571,TRUE,FALSE,FALSE,0.9454517312572588,1.0313578827004835,0.9953018860403967
572,TRUE,TRUE,FALSE,0.9454517312572588,1.052978490527367,1.0113020443673462
573,TRUE,TRUE,FALSE,0.9454517312572588,1.0047724105682092,0.9991972800172269
574,FALSE,FALSE,TRUE,0.9454517312572588,0.6230382322237362,0.9845037128995301
576,TRUE,FALSE,TRUE,0.9454517312572588,0.9578306873737792,0.999699916379577
577,FALSE,FALSE,TRUE,0.9454517312572588,0.8929884322586936,0.9823727853917114
578,FALSE,FALSE,TRUE,0.9454517312572588,0.8423091295088068,0.9909992801903621
579,FALSE,FALSE,TRUE,0.9454517312572588,0.9791760351591602,0.9980680814322644
580,FALSE,FALSE,TRUE,0.9454517312572588,0.9169896957203331,0.9831479339767956
581,FALSE,FALSE,TRUE,0.9454517312572588,0.9704033761955916,0.9847667093063188
582,TRUE,FALSE,FALSE,0.9454517312572588,0.9114722601475659,0.9828221576638191
583,FALSE,FALSE,FALSE,0.9454517312572588,1.0405962924444734,1.007325598175431
584,FALSE,FALSE,TRUE,0.9454517312572588,0.9801119133970675,0.9886572905037994
585,TRUE,FALSE,FALSE,0.9454517312572588,1.0249865070198245,0.9893454070257932
586,FALSE,FALSE,TRUE,0.9454517312572588,0.8269365541155114,0.9676774185447524
587,TRUE,TRUE,FALSE,0.9454517312572588,1.0047724105682092,0.9991972800172269
588,FALSE,FALSE,TRUE,0.9454517312572588,0.9816796313922721,0.9896896107010785
589,FALSE,FALSE,TRUE,0.9454517312572588,0.8472660011439108,0.9923700214739662
590,FALSE,FALSE,TRUE,0.9454517312572588,0.9120659381757974,0.9944932431513324
591,TRUE,FALSE,TRUE,0.9454517312572588,1.0492026222461903,0.992787832594857
592,TRUE,TRUE,FALSE,0.9454517312572588,1.0047724105682092,0.9991972800172269
593,TRUE,TRUE,FALSE,0.9454517312572588,1.0047724105682092,0.9991972800172269
594,FALSE,FALSE,FALSE,0.9454517312572588,1.1041324167882136,0.9623147593076554
595,FALSE,FALSE,FALSE,0.9454517312572588,0.9929519460602245,0.9996148143085019
596,FALSE,FALSE,TRUE,0.9454517312572588,1.0260161839637332,0.9960690436484075
597,TRUE,TRUE,FALSE,0.9454517312572588,1.0047724105682092,0.9991972800172269
598,FALSE,FALSE,TRUE,0.9454517312572588,0.8873200027021244,0.9950670091777006
599,TRUE,TRUE,FALSE,0.9454517312572588,0.7106221894186786,0.9386315334135507
600,TRUE,FALSE,FALSE,0.9454517312572588,0.746731526943969,0.9413617504080175
601,FALSE,FALSE,TRUE,0.9454517312572588,0.8420981569434726,0.9619008798316568
602,TRUE,FALSE,FALSE,0.9454517312572588,1.0249865070198245,0.9893454070257932
603,TRUE,FALSE,TRUE,0.9454517312572588,0.9094627284284748,0.9685787731078508
604,FALSE,FALSE,TRUE,0.9454517312572588,0.9313702867076425,0.9834497621776389
605,FALSE,FALSE,TRUE,0.9454517312572588,0.8214204262442697,0.9847561472697459
606,FALSE,FALSE,TRUE,0.9454517312572588,1.0093754213754254,0.99177100215046
607,TRUE,TRUE,FALSE,0.9454517312572588,0.7106221894186786,0.9386315334135507
608,TRUE,FALSE,FALSE,0.9454517312572588,0.9735777349784237,0.9488970660727837
609,FALSE,FALSE,FALSE,0.9454517312572588,0.7106802271126055,0.9386337831360773
610,FALSE,FALSE,TRUE,0.9454517312572588,0.646585447334697,0.9638776853732793
611,FALSE,FALSE,FALSE,0.9454517312572588,0.9098092207271233,0.9959545732062371
612,TRUE,TRUE,FALSE,0.9454517312572588,0.7106221894186786,0.9386315334135507
614,TRUE,TRUE,FALSE,0.9454517312572588,0.7106221894186786,0.9386315334135507
615,TRUE,FALSE,FALSE,0.9454517312572588,1.0313578827004835,0.9953018860403967
616,TRUE,FALSE,FALSE,0.9454517312572588,0.9253594787230551,0.9989273102300791
617,TRUE,TRUE,FALSE,0.9454517312572588,0.7106221894186786,0.9386315334135507
618,TRUE,TRUE,FALSE,0.9454517312572588,0.7106221894186786,0.9386315334135507
619,FALSE,FALSE,FALSE,0.9454517312572588,0.9583376379144823,0.9933773349350191
620,FALSE,FALSE,TRUE,0.9454517312572588,0.7163242536225576,0.9463265702668188
621,FALSE,FALSE,FALSE,0.9454517312572588,1.0824762310387468,0.9919919763578986
622,TRUE,TRUE,FALSE,0.9454517312572588,1.0047724105682092,0.9991972800172269
623,FALSE,FALSE,TRUE,0.9454517312572588,1.001549143489317,0.9928640246428997
625,TRUE,TRUE,FALSE,0.9454517312572588,0.7106221894186786,0.9386315334135507
626,TRUE,FALSE,TRUE,0.9454517312572588,1.0339515413225588,0.9949319520268828
627,TRUE,TRUE,FALSE,0.9454517312572588,1.0047724105682092,0.9991972800172269
628,TRUE,FALSE,FALSE,0.9454517312572588,0.8898431408317459,0.9673644707181789
629,FALSE,FALSE,TRUE,0.9454517312572588,0.9545233597193377,0.9921982296818905
630,TRUE,FALSE,FALSE,0.9454517312572588,0.9422180336090865,0.9900531867645277
631,FALSE,FALSE,TRUE,0.9454517312572588,1.0098048977286451,0.9800162906671432
632,FALSE,FALSE,TRUE,0.9454517312572588,0.9073545486366764,0.9829907609338128
633,TRUE,FALSE,TRUE,0.9454517312572588,1.0234358549563782,0.9964422115170268
634,TRUE,TRUE,FALSE,0.9454517312572588,0.7106221894186786,0.9386315334135507
635,TRUE,TRUE,FALSE,0.9454517312572588,0.7106221894186786,0.9386315334135507
636,FALSE,FALSE,TRUE,0.9454517312572588,0.9950148607741279,0.9828306931991326
637,FALSE,FALSE,FALSE,0.9454517312572588,1.005002246167582,0.9991627076941222
638,FALSE,FALSE,TRUE,0.9454517312572588,0.8916426462832229,0.9922414859911377
639,FALSE,FALSE,TRUE,0.9454517312572588,0.7317003688477626,0.9427532611698989
640,FALSE,FALSE,TRUE,0.9454517312572588,0.7763215117186477,1.0001758884777643
641,FALSE,FALSE,FALSE,0.9454517312572588,0.9967098977852826,0.9990732242854935
642,TRUE,TRUE,FALSE,0.9454517312572588,1.0047724105682092,0.9991972800172269
643,TRUE,TRUE,FALSE,0.9454517312572588,1.029694647973339,1.0094916503518052
644,FALSE,FALSE,TRUE,0.9454517312572588,0.9115590533475986,0.9975230684081721
645,FALSE,FALSE,FALSE,0.9454517312572588,0.787808090645549,0.9448993602372182
646,TRUE,FALSE,TRUE,0.9454517312572588,0.9429292068684221,0.9450048956987336
647,FALSE,FALSE,TRUE,0.9454517312572588,1.0204794437389118,0.9968719678542053
648,FALSE,FALSE,TRUE,0.9454517312572588,1.053306061745617,0.9824672650731385
649,TRUE,TRUE,FALSE,0.9454517312572588,1.0047724105682092,0.9991972800172269
650,FALSE,FALSE,TRUE,0.9454517312572588,1.044892155521674,0.9651557999888465
651,TRUE,TRUE,FALSE,0.9454517312572588,0.7106221894186786,0.9386315334135507
652,FALSE,FALSE,TRUE,0.9454517312572588,1.0203382454841428,1.0035505088454093
653,FALSE,FALSE,TRUE,0.9454517312572588,0.9678014435870188,0.9969204293693466
654,FALSE,FALSE,TRUE,0.9454517312572588,0.9954971609524039,0.9992832027820757
656,FALSE,FALSE,TRUE,0.9454517312572588,1.0607655550662887,0.9804793209439737
657,FALSE,FALSE,TRUE,0.9454517312572588,0.7492528459356192,0.944697248502538
658,FALSE,FALSE,TRUE,0.9454517312572588,0.9208152995794479,0.9875062497600716
659,FALSE,FALSE,FALSE,0.9454517312572588,0.7070859155323795,0.9422837475326747
660,TRUE,FALSE,TRUE,0.9454517312572588,0.8549547516756953,0.9922483520881298
661,FALSE,FALSE,TRUE,0.9454517312572588,0.9944896218655214,0.9929690679714173
662,TRUE,FALSE,FALSE,0.9454517312572588,0.5873990186035214,1.0003663626443269
664,TRUE,TRUE,FALSE,0.9454517312572588,0.9633753751269598,1.0057683586838781
665,FALSE,FALSE,TRUE,0.9454517312572588,0.899928939678961,0.9828918469218378
666,TRUE,TRUE,FALSE,0.9454517312572588,1.0047724105682092,0.9991972800172269
667,TRUE,TRUE,FALSE,0.9454517312572588,1.0047724105682092,0.9991972800172269
668,TRUE,FALSE,TRUE,0.9454517312572588,0.8984743549525234,0.9773660188318828
669,TRUE,FALSE,FALSE,0.9454517312572588,0.9114722601475659,0.9828221576638191
670,TRUE,FALSE,TRUE,0.9454517312572588,0.8971075759062425,0.9855902987018001
671,TRUE,FALSE,FALSE,0.9454517312572588,0.9375019748105594,1.0119719984325635
672,FALSE,FALSE,TRUE,0.9454517312572588,0.9278537440563214,1.0035780949595614
673,FALSE,FALSE,TRUE,0.9454517312572588,0.992024065927782,0.9977477475359481
674,FALSE,FALSE,FALSE,0.9454517312572588,0.9886598698237434,0.9989409569371605
675,FALSE,FALSE,TRUE,0.9454517312572588,0.905527565966453,1.0139694773372314
676,FALSE,FALSE,TRUE,0.9454517312572588,0.9432076454380809,0.9997235300935113
677,FALSE,FALSE,FALSE,0.9454517312572588,0.8261603440923208,0.9963733398872983
678,FALSE,FALSE,TRUE,0.9454517312572588,0.7535151515227032,0.9420727469660869
679,FALSE,FALSE,TRUE,0.9454517312572588,1.0250189825331242,1.0012493311953197
680,FALSE,FALSE,TRUE,0.9454517312572588,0.938095884961084,1.0014246713453328
681,TRUE,TRUE,FALSE,0.9454517312572588,1.0047724105682092,0.9991972800172269
682,FALSE,FALSE,TRUE,0.9454517312572588,0.9982117576492707,1.0017869488185946
683,FALSE,FALSE,TRUE,0.9454517312572588,0.8274439735331801,0.9662843386830491
684,FALSE,FALSE,TRUE,0.9454517312572588,0.8728802124024458,0.9790908785585355
685,FALSE,FALSE,TRUE,0.9454517312572588,0.9529394751132926,0.9898116181698126
686,TRUE,FALSE,TRUE,0.9454517312572588,0.9551468310218585,0.9932285800563418
687,FALSE,FALSE,TRUE,0.9454517312572588,0.9264031196695371,0.9906449777379822
688,TRUE,TRUE,FALSE,0.9454517312572588,1.0047724105682092,0.9991972800172269
689,TRUE,TRUE,FALSE,0.9454517312572588,1.0162591358047066,1.001863131001044
690,FALSE,FALSE,TRUE,0.9454517312572588,0.9170234902444274,0.9831490311258797
691,TRUE,TRUE,FALSE,0.9454517312572588,0.9633753751269598,1.0057683586838781
692,TRUE,FALSE,TRUE,0.9454517312572588,1.0634718551131892,0.9779489320195427
693,TRUE,FALSE,FALSE,0.9454517312572588,0.7110793244277973,0.9386492230061103
694,TRUE,TRUE,FALSE,0.9454517312572588,0.7106221894186786,0.9386315334135507
695,TRUE,FALSE,TRUE,0.9454517312572588,1.0194506439477151,0.9854812934566118
696,TRUE,FALSE,TRUE,0.9454517312572588,1.023037285243685,0.9739691249737245
697,FALSE,FALSE,TRUE,0.9454517312572588,0.9985536425144624,0.9960256727153234
698,TRUE,TRUE,FALSE,0.9454517312572588,0.7106221894186786,0.9386315334135507
699,TRUE,TRUE,FALSE,0.9454517312572588,1.0047724105682092,0.9991972800172269
700,FALSE,FALSE,FALSE,0.9454517312572588,0.7106274628968806,0.9386317378212273
701,TRUE,TRUE,FALSE,0.9454517312572588,0.7106221894186786,0.9386315334135507
702,FALSE,FALSE,TRUE,0.9454517312572588,1.096733723145062,0.9779103059048061
703,TRUE,TRUE,FALSE,0.9454517312572588,1.0047724105682092,0.9991972800172269
704,FALSE,FALSE,TRUE,0.9454517312572588,0.9860469139095247,0.9993814753464633
705,FALSE,FALSE,TRUE,0.9454517312572588,1.0283021141431323,0.9943690511251737
706,FALSE,FALSE,FALSE,0.9454517312572588,1.0115446051374373,0.9981856337539149
707,TRUE,TRUE,FALSE,0.9454517312572588,1.024742382277317,1.0038495427378664
708,FALSE,FALSE,TRUE,0.9454517312572588,0.9096499586621605,0.9952637586977978
709,TRUE,TRUE,TRUE,0.9454517312572588,1.0906923320722224,1.000104652994346
710,FALSE,FALSE,TRUE,0.9454517312572588,0.9970444336242924,0.9976476187186932
711,TRUE,FALSE,FALSE,0.9454517312572588,0.9253594787230551,0.9989273102300791
712,FALSE,FALSE,TRUE,0.9454517312572588,0.8661030046544855,0.9893220342092619
713,FALSE,FALSE,FALSE,0.9454517312572588,0.7119366576396516,0.9387161448462407
714,TRUE,TRUE,FALSE,0.9454517312572588,1.0047724105682092,0.9991972800172269
715,TRUE,FALSE,TRUE,0.9454517312572588,0.6164609726985283,0.9793558348223617
716,FALSE,FALSE,TRUE,0.9454517312572588,0.9760134118489141,0.9881086877698915
717,TRUE,FALSE,TRUE,0.9454517312572588,0.9543474580504199,0.9744512687788426
718,TRUE,FALSE,FALSE,0.9454517312572588,0.9769792319397028,0.9836069768458469
719,TRUE,FALSE,FALSE,0.9454517312572588,0.9643409151056694,0.9923798072474798
720,FALSE,FALSE,TRUE,0.9454517312572588,0.9106140058018553,0.9952693601898309
721,FALSE,FALSE,FALSE,0.9454517312572588,0.793870832427852,0.9405617500998793
722,TRUE,TRUE,FALSE,0.9454517312572588,1.0047724105682092,0.9991972800172269
723,FALSE,FALSE,TRUE,0.9454517312572588,0.9888990095603446,0.9993509035863439
724,TRUE,TRUE,FALSE,0.9454517312572588,1.0047724105682092,0.9991972800172269
725,FALSE,FALSE,TRUE,0.9454517312572588,0.9049166489132204,0.9882647397648027
726,TRUE,FALSE,TRUE,0.9454517312572588,0.9578306873737792,0.999699916379577
727,FALSE,FALSE,FALSE,0.9454517312572588,0.7305037441415689,0.9393314883906803
728,FALSE,FALSE,TRUE,0.9454517312572588,0.8966947976690399,0.9851592467732031
729,FALSE,FALSE,TRUE,0.9454517312572588,0.9534632479717585,1.0035566050128595
730,TRUE,TRUE,FALSE,0.9454517312572588,0.7106221894186786,0.9386315334135507
731,FALSE,FALSE,TRUE,0.9454517312572588,1.0636068943304202,0.9906119650622345
732,TRUE,FALSE,FALSE,0.9454517312572588,0.9116143919087343,1.0072134095396943
733,FALSE,FALSE,TRUE,0.9454517312572588,0.9790608121329587,0.9979600471615864
734,TRUE,FALSE,TRUE,0.9454517312572588,1.0544288747436117,0.9920644887197759
735,FALSE,FALSE,TRUE,0.9454517312572588,1.0552869689014759,0.97931554167153545
736,TRUE,TRUE,FALSE,0.9454517312572588,1.0047724105682092,0.9991972800172269
737,FALSE,FALSE,TRUE,0.9454517312572588,0.8820385993721764,0.9859895992658425
738,TRUE,TRUE,FALSE,0.9454517312572588,1.0047724105682092,0.9991972800172269
739,TRUE,FALSE,FALSE,0.9454517312572588,0.9114722601475659,0.9828221576638191
740,FALSE,FALSE,TRUE,0.9454517312572588,1.0988271602910198,0.9897729043501597
741,TRUE,TRUE,FALSE,0.9454517312572588,0.7106222921406696,0.9386315649242896
742,TRUE,TRUE,FALSE,0.9454517312572588,1.0307275158294948,0.9995387584860662
743,FALSE,FALSE,TRUE,0.9454517312572588,0.8674675858721815,0.9959911493107846
744,TRUE,TRUE,FALSE,0.9454517312572588,1.0047724105682092,0.9991972800172269
745,TRUE,FALSE,FALSE,0.9454517312572588,0.8380062139906655,1.0000116048700196
746,FALSE,FALSE,TRUE,0.9454517312572588,0.8289704257646442,0.9898718412256954
747,FALSE,FALSE,TRUE,0.9454517312572588,0.928345796893816,0.9801986902137653
748,TRUE,TRUE,FALSE,0.9454517312572588,0.7106221894186786,0.9386315334135507
749,TRUE,FALSE,TRUE,0.9454517312572588,0.8682951146860977,0.9724484523419339
750,TRUE,TRUE,FALSE,0.9454517312572588,1.0047724105682092,0.9991972800172269
751,FALSE,FALSE,TRUE,0.9454517312572588,1.0529940452599562,0.9841544314774531
752,FALSE,FALSE,TRUE,0.9454517312572588,1.0705979983474634,0.9945947359481626
753,TRUE,TRUE,FALSE,0.9454517312572588,1.0047724105682092,0.9991972800172269
754,FALSE,FALSE,FALSE,0.9454517312572588,0.8999568412429394,0.9828843123012957
755,FALSE,FALSE,TRUE,0.9454517312572588,1.0821106321163214,0.9656853332201176
756,TRUE,TRUE,FALSE,0.9454517312572588,0.7106221894186786,0.9386315334135507
757,TRUE,TRUE,TRUE,0.9454517312572588,1.0906923320722224,1.000104652994346
758,FALSE,FALSE,TRUE,0.9454517312572588,0.9167409489010535,0.9830190057517659
759,FALSE,FALSE,TRUE,0.9454517312572588,0.8041094229762523,0.9704119478812855
760,FALSE,FALSE,FALSE,0.9454517312572588,0.712977261639175,0.9423780036635135
761,TRUE,TRUE,FALSE,0.9454517312572588,1.0047724105682092,0.9991972800172269
762,TRUE,TRUE,FALSE,0.9454517312572588,1.0047724105682092,0.9991972800172269
763,FALSE,FALSE,TRUE,0.9454517312572588,0.9273789087548004,0.9824772020091747
764,FALSE,FALSE,TRUE,0.9454517312572588,0.6234462266541874,0.9896085638144201
765,FALSE,FALSE,FALSE,0.9454517312572588,0.7193868122028779,0.9428300305829661
766,FALSE,FALSE,TRUE,0.9454517312572588,0.9744118386346012,0.9966287769176673
767,FALSE,FALSE,TRUE,0.9454517312572588,0.8527153820422801,0.9907975943460392
768,TRUE,TRUE,FALSE,0.9454517312572588,1.0047724105682092,0.9991972800172269
769,FALSE,FALSE,TRUE,0.9454517312572588,1.0163443140236519,0.9986523233742559
770,TRUE,TRUE,FALSE,0.9454517312572588,1.0047724105682092,0.9991972800172269
771,FALSE,FALSE,TRUE,0.9454517312572588,0.9556004039405692,0.9971664077425131
772,TRUE,FALSE,TRUE,0.9454517312572588,0.9494302751557133,1.0060329640121433
773,FALSE,FALSE,TRUE,0.9454517312572588,0.9170234902444274,0.9831490311258797
774,TRUE,TRUE,FALSE,0.9454517312572588,1.0047724105682092,0.9991972800172269
775,TRUE,TRUE,FALSE,0.9454517312572588,1.052978490527367,1.0113020443673462
776,FALSE,FALSE,TRUE,0.9454517312572588,0.887876197013721,0.9899302335061662
777,FALSE,FALSE,FALSE,0.9454517312572588,0.727117901875592,0.9430360019248231
778,TRUE,TRUE,FALSE,0.9454517312572588,1.052978490527367,1.0113020443673462
779,FALSE,FALSE,TRUE,0.9454517312572588,1.0103386822677745,0.9818882907718489
780,TRUE,TRUE,FALSE,0.9454517312572588,1.0047724105682092,0.9991972800172269
781,TRUE,FALSE,FALSE,0.9454517312572588,0.9800921946140377,0.9897783869505908
782,FALSE,FALSE,FALSE,0.9454517312572588,0.7043271762807007,0.9441798202820051
783,TRUE,TRUE,FALSE,0.9454517312572588,1.052978490527367,1.0113020443673462
784,TRUE,TRUE,FALSE,0.9454517312572588,0.9821591572300363,1.0026921022716297
785,TRUE,TRUE,FALSE,0.9454517312572588,0.7106221894186786,0.9386315334135507
786,FALSE,FALSE,TRUE,0.9454517312572588,0.9242100271399041,0.9844431143261947
787,TRUE,TRUE,FALSE,0.9454517312572588,1.0047724105682092,0.9991972800172269
788,FALSE,FALSE,FALSE,0.9454517312572588,0.9189506193281992,0.9602925764549756
789,FALSE,FALSE,TRUE,0.9454517312572588,0.9709958578228607,0.9845472944641283
790,FALSE,FALSE,TRUE,0.9454517312572588,1.0483024161893237,0.99223753993855
791,FALSE,FALSE,TRUE,0.9454517312572588,0.8278847395377554,0.971731059622971
792,TRUE,TRUE,FALSE,0.9454517312572588,1.0047724105682092,0.9991972800172269
793,FALSE,FALSE,FALSE,0.9454517312572588,1.0738098627714692,0.9938336999647616
794,TRUE,TRUE,FALSE,0.9454517312572588,0.7106221894186786,0.9386315334135507
795,FALSE,FALSE,FALSE,0.9454517312572588,0.9310349262987758,0.9833248817276649
796,TRUE,TRUE,FALSE,0.9454517312572588,1.0047724105682092,0.9991972800172269
797,FALSE,FALSE,TRUE,0.9454517312572588,0.929114549210075,0.9818374202053952
798,TRUE,TRUE,FALSE,0.9454517312572588,1.0047724105682092,0.9991972800172269
799,FALSE,FALSE,TRUE,0.9454517312572588,0.9754241586445248,0.994915152485507
800,FALSE,FALSE,TRUE,0.9454517312572588,0.8252160766884743,0.9825532611333022
801,FALSE,FALSE,TRUE,0.9454517312572588,1.0251463383860333,0.989321730607309
802,TRUE,TRUE,FALSE,0.9454517312572588,1.052978490527367,1.0113020443673462
803,TRUE,TRUE,FALSE,0.9454517312572588,1.0055716855764938,1.0080448366448687
804,TRUE,FALSE,FALSE,0.9454517312572588,1.0958038004012067,0.9865069899744408
805,FALSE,FALSE,FALSE,0.9454517312572588,1.0039942780165374,1.0034333848887376
806,TRUE,TRUE,FALSE,0.9454517312572588,1.0047724105682092,0.9991972800172269
807,TRUE,TRUE,FALSE,0.9454517312572588,0.7106222921406696,0.9386315649242896
808,FALSE,FALSE,TRUE,0.9454517312572588,1.0020277813703362,0.9966314584593106
809,TRUE,FALSE,TRUE,0.9454517312572588,0.8240146541048232,0.9768525131611642
810,TRUE,TRUE,FALSE,0.9454517312572588,1.0055716855764938,1.0080448366448687
811,TRUE,TRUE,FALSE,0.9454517312572588,1.052978490527367,1.0113020443673462
812,TRUE,FALSE,FALSE,0.9454517312572588,0.9280365352744003,0.9926381392700548
813,FALSE,FALSE,FALSE,0.9454517312572588,1.0460520236131126,0.9955148416184904
814,TRUE,TRUE,FALSE,0.9454517312572588,1.052978490527367,1.0113020443673462
815,TRUE,TRUE,FALSE,0.9454517312572588,1.0047724105682092,0.9991972800172269
816,TRUE,TRUE,FALSE,0.9454517312572588,1.0047724105682092,0.9991972800172269
817,TRUE,TRUE,FALSE,0.9454517312572588,1.052978490527367,1.0113020443673462
818,TRUE,TRUE,FALSE,0.9454517312572588,1.0047724105682092,0.9991972800172269
819,TRUE,FALSE,TRUE,0.9454517312572588,1.2291383347234384,0.9694792945407019
820,TRUE,TRUE,FALSE,0.9454517312572588,0.7106221894186786,0.9386315334135507
821,TRUE,FALSE,TRUE,0.9454517312572588,0.9830205341413278,0.9957144230578392
822,TRUE,TRUE,FALSE,0.9454517312572588,1.0047724105682092,0.9991972800172269
823,FALSE,FALSE,TRUE,0.9454517312572588,0.9243795096693606,1.0031948288201613
824,TRUE,FALSE,FALSE,0.9454517312572588,1.0495975595559908,0.9857302271859737
825,TRUE,FALSE,TRUE,0.9454517312572588,0.9678000831742049,0.9793018674387807
826,FALSE,FALSE,TRUE,0.9454517312572588,0.9127074021316363,0.9935250518100024
827,FALSE,FALSE,TRUE,0.9454517312572588,0.7151875904043097,0.9389783534126077
828,FALSE,FALSE,TRUE,0.9454517312572588,0.9815397086030413,1.0037285335703334
829,TRUE,TRUE,FALSE,0.9454517312572588,0.9633753751269598,1.0057683586838781
830,FALSE,FALSE,FALSE,0.9454517312572588,0.7647089177386828,0.9401676975591189
831,TRUE,FALSE,FALSE,0.9454517312572588,0.9892944544746527,0.982372170738294
832,FALSE,FALSE,TRUE,0.9454517312572588,0.857775248711617,1.0055895088046063
833,FALSE,FALSE,TRUE,0.9454517312572588,0.9981174507865246,0.9850850979064385
834,FALSE,FALSE,TRUE,0.9454517312572588,0.9133373145946757,0.9895666131903021
835,FALSE,FALSE,TRUE,0.9454517312572588,0.9170234902444274,0.9831490311258797
836,FALSE,FALSE,TRUE,0.9454517312572588,1.0069256802314523,0.9972772646290542
837,TRUE,TRUE,FALSE,0.9454517312572588,1.052978490527367,1.0113020443673462
838,TRUE,TRUE,FALSE,0.9454517312572588,0.7106221894186786,0.9386315334135507
839,FALSE,FALSE,TRUE,0.9454517312572588,1.0126656789050268,0.996548335941922
840,TRUE,FALSE,FALSE,0.9454517312572588,0.8298173112184142,0.9987672817390495
841,TRUE,TRUE,FALSE,0.9454517312572588,1.0047724105682092,0.9991972800172269
842,FALSE,FALSE,TRUE,0.9454517312572588,1.0156515251660725,0.9856290255519126
843,FALSE,FALSE,TRUE,0.9454517312572588,0.7119101861617759,0.938683775500994
844,TRUE,TRUE,FALSE,0.9454517312572588,0.7106221894186786,0.9386315334135507
845,FALSE,FALSE,TRUE,0.9454517312572588,0.9434544759088392,1.00107376498195
846,FALSE,FALSE,TRUE,0.9454517312572588,0.7947643883738871,0.9921623145118142
847,FALSE,FALSE,TRUE,0.9454517312572588,1.0657182602309256,1.0049240038541976
848,TRUE,TRUE,FALSE,0.9454517312572588,0.7106221894186786,0.9386315334135507
849,TRUE,TRUE,FALSE,0.9454517312572588,1.0047724105682092,0.9991972800172269
850,FALSE,FALSE,TRUE,0.9454517312572588,0.9737473031028849,0.9787997416737804
851,TRUE,TRUE,FALSE,0.9454517312572588,1.052978490527367,1.0113020443673462
852,TRUE,TRUE,FALSE,0.9454517312572588,0.7106221894186786,0.9386315334135507
853,TRUE,TRUE,FALSE,0.9454517312572588,0.7106221894186786,0.9386315334135507
854,FALSE,FALSE,TRUE,0.9454517312572588,0.9830543342173708,0.9898966877187374
855,TRUE,FALSE,TRUE,0.9454517312572588,0.8814126247922337,0.9886243424538604
856,TRUE,FALSE,TRUE,0.9454517312572588,1.0002883416210335,0.9930594498595503
857,TRUE,TRUE,FALSE,0.9454517312572588,1.0047724105682092,0.9991972800172269
858,TRUE,TRUE,FALSE,0.9454517312572588,1.0047724105682092,0.9991972800172269
859,FALSE,FALSE,TRUE,0.9454517312572588,0.9639242097485456,0.9748615090884061
860,TRUE,TRUE,FALSE,0.9454517312572588,1.0047724105682092,0.9991972800172269
861,FALSE,FALSE,TRUE,0.9454517312572588,0.9751005913319845,0.9968780194794847
862,FALSE,FALSE,TRUE,0.9454517312572588,1.0246436959659522,1.0103806521278274
863,FALSE,FALSE,TRUE,0.9454517312572588,0.9908307533392073,0.9992687843723949
864,FALSE,FALSE,TRUE,0.9454517312572588,0.9500679474574751,0.9828667071216975
865,TRUE,FALSE,TRUE,0.9454517312572588,0.8815366343462243,0.9795995986499982
866,FALSE,FALSE,TRUE,0.9454517312572588,1.0143386695230179,0.9956925315600035
867,TRUE,FALSE,TRUE,0.9454517312572588,0.9846771949583729,0.9890249750212625
868,TRUE,TRUE,FALSE,0.9454517312572588,0.7106221894186786,0.9386315334135507
869,TRUE,FALSE,FALSE,0.9454517312572588,0.9726736733911029,0.9852955964389148
870,TRUE,TRUE,FALSE,0.9454517312572588,1.052978490527367,1.0113020443673462
871,FALSE,FALSE,TRUE,0.9454517312572588,0.9313779973717614,0.9834463383520081
872,FALSE,FALSE,TRUE,0.9454517312572588,1.0014932500263893,1.0016446904572203
873,FALSE,FALSE,TRUE,0.9454517312572588,0.8904607651085847,0.9967778591063464
874,TRUE,TRUE,FALSE,0.9454517312572588,1.0047724105682092,0.9991972800172269
875,TRUE,FALSE,FALSE,0.9454517312572588,0.9229472348302572,0.9944515807365041
876,TRUE,TRUE,FALSE,0.9454517312572588,0.7106222921406696,0.9386315649242896
877,FALSE,FALSE,TRUE,0.9454517312572588,1.0618775258709565,0.9952302299666281
878,TRUE,TRUE,FALSE,0.9454517312572588,0.9982569616177785,1.0001847341827006
879,FALSE,FALSE,TRUE,0.9454517312572588,0.7923265238821908,0.999566142766444
880,TRUE,TRUE,FALSE,0.9454517312572588,1.0047724105682092,0.9991972800172269
881,FALSE,FALSE,TRUE,0.9454517312572588,0.9722097728965229,0.9846033479231818
882,TRUE,FALSE,FALSE,0.9454517312572588,1.0313578827004835,0.9953018860403967
883,TRUE,TRUE,FALSE,0.9454517312572588,0.7106221894186786,0.9386315334135507
884,TRUE,FALSE,TRUE,0.9454517312572588,0.7479736751135426,0.9414495695726872
885,TRUE,FALSE,FALSE,0.9454517312572588,0.9960967568689943,0.9742371574485936
886,FALSE,FALSE,TRUE,0.9454517312572588,0.9668625106536263,0.9817876622541323
887,TRUE,TRUE,FALSE,0.9454517312572588,1.0047724105682092,0.9991972800172269
888,TRUE,FALSE,TRUE,0.9454517312572588,1.0502690745973644,0.9926397676379165
889,TRUE,TRUE,FALSE,0.9454517312572588,0.7106221894186786,0.9386315334135507
890,FALSE,FALSE,TRUE,0.9454517312572588,1.0829440098291938,0.9882055390459998
891,TRUE,TRUE,FALSE,0.9454517312572588,1.0047724105682092,0.9991972800172269
892,FALSE,FALSE,FALSE,0.9454517312572588,1.0122884446962375,0.9845148306800126
893,TRUE,FALSE,TRUE,0.9454517312572588,0.7004078518089998,0.9460196805876304
894,FALSE,FALSE,TRUE,0.9454517312572588,0.9415217364043195,0.984839870527993
895,TRUE,FALSE,FALSE,0.9454517312572588,0.7981386319042307,0.9888912241367429
896,TRUE,FALSE,TRUE,0.9454517312572588,0.9053805221454658,0.9901663553320035
897,TRUE,FALSE,TRUE,0.9454517312572588,0.9830091270073272,0.9957442879209059
898,TRUE,TRUE,FALSE,0.9454517312572588,1.0047724105682092,0.9991972800172269
899,TRUE,TRUE,FALSE,0.9454517312572588,1.0047724105682092,0.9991972800172269
900,FALSE,FALSE,TRUE,0.9454517312572588,1.0006355884824427,0.9985244514614843
901,TRUE,TRUE,FALSE,0.9454517312572588,0.7106221894186786,0.9386315334135507
902,FALSE,FALSE,TRUE,0.9454517312572588,0.9791785655555649,0.9980674312280816
903,TRUE,FALSE,TRUE,0.9454517312572588,0.8682951146860977,0.9724484523419339
904,TRUE,TRUE,FALSE,0.9454517312572588,1.0164511847806357,0.9993615102981981
905,TRUE,TRUE,FALSE,0.9454517312572588,0.7106221894186786,0.9386315334135507
906,TRUE,TRUE,FALSE,0.9454517312572588,1.0047724105682092,0.9991972800172269
907,TRUE,TRUE,FALSE,0.9454517312572588,1.0047724105682092,0.9991972800172269
908,TRUE,TRUE,FALSE,0.9454517312572588,0.7106221894186786,0.9386315334135507
909,TRUE,FALSE,FALSE,0.9454517312572588,0.9753773793727963,0.9969362882822619
910,TRUE,TRUE,FALSE,0.9454517312572588,1.0047724105682092,0.9991972800172269
911,TRUE,TRUE,FALSE,0.9454517312572588,1.0047724105682092,0.9991972800172269
912,TRUE,TRUE,FALSE,0.9454517312572588,1.052978490527367,1.0113020443673462
913,FALSE,FALSE,TRUE,0.9454517312572588,0.9407430998122964,0.9868336395893357
914,TRUE,TRUE,FALSE,0.9454517312572588,1.052978490527367,1.0113020443673462
915,FALSE,FALSE,TRUE,0.9454517312572588,0.7173174996975555,0.944587038235517
916,TRUE,TRUE,FALSE,0.9454517312572588,1.0047724105682092,0.9991972800172269
917,TRUE,FALSE,FALSE,0.9454517312572588,0.9174239333940047,0.961189231480224
918,TRUE,FALSE,TRUE,0.9454517312572588,1.131869196744121,0.9933602608111463
919,FALSE,FALSE,FALSE,0.9454517312572588,0.998789276660058,0.9992513327682857
920,TRUE,FALSE,TRUE,0.9454517312572588,0.9830091270073272,0.9957442879209059
921,TRUE,FALSE,FALSE,0.9454517312572588,0.8382304862140586,0.9896046408151595
922,TRUE,TRUE,FALSE,0.9454517312572588,0.7106221894186786,0.9386315334135507
923,TRUE,TRUE,FALSE,0.9454517312572588,0.7106222921406696,0.9386315649242896
924,FALSE,FALSE,TRUE,0.9454517312572588,0.8149637135680048,0.9913115502310332
925,FALSE,FALSE,TRUE,0.9454517312572588,0.9652378980799723,0.9937517606257288
926,TRUE,TRUE,FALSE,0.9454517312572588,0.7106221894186786,0.9386315334135507
927,TRUE,TRUE,FALSE,0.9454517312572588,1.036497462158582,1.0068300489540485
928,FALSE,FALSE,TRUE,0.9454517312572588,1.1602991539313432,0.9782462057555872
929,TRUE,FALSE,TRUE,0.9454517312572588,0.9326782520327884,1.0011275275706109
930,FALSE,FALSE,TRUE,0.9454517312572588,1.0035335778650925,0.9985184950873198
931,TRUE,FALSE,TRUE,0.9454517312572588,0.8986345236622221,0.9739694816764386
932,FALSE,FALSE,FALSE,0.9454517312572588,0.7108499434372251,0.9386755701559026
933,FALSE,FALSE,TRUE,0.9454517312572588,1.0094354521922484,0.9853044506438156
934,TRUE,TRUE,FALSE,0.9454517312572588,1.052978490527367,1.0113020443673462
935,TRUE,TRUE,FALSE,0.9454517312572588,0.7106221894186786,0.9386315334135507
936,FALSE,FALSE,TRUE,0.9454517312572588,0.8814954248845056,0.9954854595329597
937,FALSE,FALSE,TRUE,0.9454517312572588,0.9614115710955646,0.9885915146442532
938,TRUE,TRUE,FALSE,0.9454517312572588,1.0047724105682092,0.9991972800172269
939,TRUE,TRUE,FALSE,0.9454517312572588,1.0047724105682092,0.9991972800172269
940,TRUE,TRUE,FALSE,0.9454517312572588,0.7106221894186786,0.9386315334135507
941,TRUE,TRUE,FALSE,0.9454517312572588,0.9633753751269598,1.0057683586838781
942,TRUE,FALSE,TRUE,0.9454517312572588,0.9578306873737792,0.999699916379577
943,TRUE,FALSE,TRUE,0.9454517312572588,0.9578306873737792,0.999699916379577
944,FALSE,FALSE,TRUE,0.9454517312572588,0.9335479354906823,0.9972340862138597
945,TRUE,TRUE,FALSE,0.9454517312572588,0.7106221894186786,0.9386315334135507
946,TRUE,TRUE,FALSE,0.9454517312572588,1.0844089914462343,1.001306013302198
947,TRUE,TRUE,FALSE,0.9454517312572588,1.0047724105682092,0.9991972800172269
948,TRUE,TRUE,FALSE,0.9454517312572588,0.7106221894186786,0.9386315334135507
949,TRUE,TRUE,FALSE,0.9454517312572588,1.0047724105682092,0.9991972800172269
950,TRUE,FALSE,TRUE,0.9454517312572588,0.7109913834073749,0.9386458271045207
951,TRUE,TRUE,FALSE,0.9454517312572588,1.024742382277317,1.0038495427378664
952,TRUE,TRUE,FALSE,0.9454517312572588,1.0047724105682092,0.9991972800172269
953,TRUE,FALSE,TRUE,0.9454517312572588,0.9578306873737792,0.999699916379577
954,TRUE,TRUE,FALSE,0.9454517312572588,1.0047724105682092,0.9991972800172269
955,TRUE,TRUE,FALSE,0.9454517312572588,0.7106221894186786,0.9386315334135507
956,TRUE,TRUE,FALSE,0.9454517312572588,1.0047724105682092,0.9991972800172269
957,TRUE,TRUE,FALSE,0.9454517312572588,0.7106221894186786,0.9386315334135507
958,TRUE,TRUE,FALSE,0.9454517312572588,0.7106222921406696,0.9386315649242896
959,TRUE,TRUE,FALSE,0.9454517312572588,1.0047724105682092,0.9991972800172269
960,TRUE,FALSE,FALSE,0.9454517312572588,1.0313578827004835,0.9953018860403967
961,FALSE,FALSE,TRUE,0.9454517312572588,0.7269762418940424,0.9411231790317834
962,TRUE,TRUE,FALSE,0.9454517312572588,0.9633753751269598,1.0057683586838781
963,TRUE,FALSE,FALSE,0.9454517312572588,1.0313578827004835,0.9953018860403967
964,FALSE,FALSE,TRUE,0.9454517312572588,1.0327225729801062,0.9951070355998108
965,FALSE,FALSE,TRUE,0.9454517312572588,1.1407385478332022,0.9917947959578501
966,TRUE,TRUE,FALSE,0.9454517312572588,0.7106221777754271,0.9386315562126771
967,TRUE,TRUE,FALSE,0.9454517312572588,1.0047724105682092,0.9991972800172269
969,TRUE,TRUE,FALSE,0.9454517312572588,1.0047724105682092,0.9991972800172269
970,TRUE,TRUE,FALSE,0.9454517312572588,1.0047724105682092,0.9991972800172269
971,FALSE,FALSE,TRUE,0.9454517312572588,1.0055789090283582,0.9999766477680011
972,TRUE,FALSE,TRUE,0.9454517312572588,0.7004078518089998,0.9460196805876304
973,TRUE,TRUE,FALSE,0.9454517312572588,0.7106221777754271,0.9386315562126771
974,FALSE,FALSE,TRUE,0.9454517312572588,0.917121582594749,0.9831508460115039
975,FALSE,FALSE,TRUE,0.9454517312572588,1.024986818563106,0.991441740715392
976,FALSE,FALSE,FALSE,0.9454517312572588,0.8942569331793101,0.9823072170432825
977,FALSE,FALSE,TRUE,0.9454517312572588,0.9643510831456118,0.9970332601824593
978,TRUE,FALSE,FALSE,0.9454517312572588,0.9253594787230551,0.9989273102300791
979,TRUE,TRUE,FALSE,0.9454517312572588,0.9633753751269598,1.0057683586838781
980,FALSE,FALSE,TRUE,0.9454517312572588,0.9374769635118275,0.9881667406757222
982,TRUE,TRUE,FALSE,0.9454517312572588,1.0047724105682092,0.9991972800172269
983,TRUE,TRUE,FALSE,0.9454517312572588,1.0047724105682092,0.9991972800172269
984,FALSE,FALSE,TRUE,0.9454517312572588,0.9534809913975921,0.9908051163809383
985,FALSE,FALSE,TRUE,0.9454517312572588,0.8869719091424559,0.9592037662646066
986,FALSE,FALSE,TRUE,0.9454517312572588,0.9101717844475437,0.9851987078062276
987,TRUE,FALSE,TRUE,0.9454517312572588,0.9578306873737792,0.999699916379577
988,FALSE,FALSE,TRUE,0.9454517312572588,0.6763857564962852,0.9903320914356332
989,FALSE,FALSE,TRUE,0.9454517312572588,0.9638823774537104,0.998149456771515
990,TRUE,TRUE,FALSE,0.9454517312572588,1.052978490527367,1.0113020443673462
991,FALSE,FALSE,TRUE,0.9454517312572588,0.9935697698222807,0.9642295117934672
992,TRUE,TRUE,FALSE,0.9454517312572588,1.0047724105682092,0.9991972800172269
993,FALSE,FALSE,TRUE,0.9454517312572588,0.6907638084798258,0.9499626793356668
994,FALSE,FALSE,TRUE,0.9454517312572588,0.9917110282180588,1.007965579819418
995,TRUE,TRUE,FALSE,0.9454517312572588,0.7106221894186786,0.9386315334135507
996,FALSE,FALSE,TRUE,0.9454517312572588,1.0336820348216529,0.9677761895819775
997,TRUE,TRUE,FALSE,0.9454517312572588,1.0047724105682092,0.9991972800172269
998,TRUE,TRUE,FALSE,0.9454517312572588,1.0047724105682092,0.9991972800172269
999,TRUE,TRUE,FALSE,0.9454517312572588,1.0047724105682092,0.9991972800172269
1e3,TRUE,TRUE,FALSE,0.9454517312572588,0.7106221894186786,0.9386315334135507
1001,TRUE,TRUE,FALSE,0.9454517312572588,1.0047724105682092,0.9991972800172269
1002,TRUE,FALSE,TRUE,0.9454517312572588,0.8014836930741949,0.9923442313175997
1003,TRUE,FALSE,TRUE,0.9454517312572588,0.7931833464069189,0.9989934316001096
1004,FALSE,FALSE,TRUE,0.9454517312572588,1.0957208154688531,0.9945732397370333
1005,FALSE,FALSE,TRUE,0.9454517312572588,0.9411195254535031,0.9922172467625182
1006,TRUE,TRUE,FALSE,0.9454517312572588,1.0689649360876448,0.9999203876353129
1008,FALSE,FALSE,TRUE,0.9454517312572588,0.9303964725921138,0.991459410630298
1009,TRUE,TRUE,FALSE,0.9454517312572588,0.7106221894186786,0.9386315334135507
1010,FALSE,FALSE,TRUE,0.9454517312572588,1.008262425924353,0.9986741328320541
1011,TRUE,TRUE,FALSE,0.9454517312572588,0.7106221894186786,0.9386315334135507
1012,FALSE,FALSE,TRUE,0.9454517312572588,0.9363604555329154,0.9916919733803725
1013,FALSE,FALSE,TRUE,0.9454517312572588,0.8910564892122088,0.9788275030659906
1014,TRUE,TRUE,FALSE,0.9454517312572588,0.9633753751269598,1.0057683586838781
1015,FALSE,FALSE,FALSE,0.9454517312572588,1.0071724395296826,0.9988371044158159
1016,FALSE,FALSE,TRUE,0.9454517312572588,1.0444239410177143,1.010561528606844
1017,TRUE,TRUE,FALSE,0.9454517312572588,1.0162591358047066,1.001863131001044
1018,TRUE,TRUE,FALSE,0.9454517312572588,0.7106221894186786,0.9386315334135507
1019,FALSE,FALSE,TRUE,0.9454517312572588,0.8784647426973827,0.9799164914886734
1020,TRUE,TRUE,FALSE,0.9454517312572588,1.052978490527367,1.0113020443673462
1021,TRUE,TRUE,FALSE,0.9454517312572588,0.7106221894186786,0.9386315334135507
1022,FALSE,FALSE,TRUE,0.9454517312572588,0.9282386791146077,0.9968108131690037
1023,TRUE,FALSE,TRUE,0.9454517312572588,0.8682951146860977,0.9724484523419339
1024,TRUE,FALSE,TRUE,0.9454517312572588,0.8815366343462243,0.9795995986499982
1025,TRUE,TRUE,FALSE,0.9454517312572588,1.0047724105682092,0.9991972800172269
1026,TRUE,TRUE,FALSE,0.9454517312572588,1.0047724105682092,0.9991972800172269
1027,TRUE,TRUE,FALSE,0.9454517312572588,1.0047724105682092,0.9991972800172269
1028,TRUE,TRUE,FALSE,0.9454517312572588,1.052978490527367,1.0113020443673462
1029,FALSE,FALSE,TRUE,0.9454517312572588,0.84913659282067,1.0061263675957133
1030,TRUE,FALSE,FALSE,0.9454517312572588,0.9892944544746527,0.982372170738294
1031,FALSE,FALSE,TRUE,0.9454517312572588,0.7281755504975553,0.9440530478239146
1032,TRUE,TRUE,FALSE,0.9454517312572588,1.0047724105682092,0.9991972800172269
1033,FALSE,FALSE,TRUE,0.9454517312572588,0.8186788598656574,0.94679858950679
1034,FALSE,FALSE,FALSE,0.9454517312572588,0.7113273617192343,0.9386588021228438
1035,TRUE,TRUE,FALSE,0.9454517312572588,1.052978490527367,1.0113020443673462
1036,TRUE,FALSE,TRUE,0.9454517312572588,1.1192757890212583,0.9894564889773122
1037,FALSE,FALSE,TRUE,0.9454517312572588,0.8602707927701823,0.9923060636035862
1038,TRUE,FALSE,TRUE,0.9454517312572588,1.0502690745973644,0.9926397676379165
1039,TRUE,FALSE,TRUE,0.9454517312572588,0.7628969807324425,0.9820432453600152
1040,FALSE,FALSE,TRUE,0.9454517312572588,0.9780164480174122,0.9872483317255059
1041,FALSE,FALSE,TRUE,0.9454517312572588,1.0779063908775686,0.9669872041860101
1042,TRUE,FALSE,TRUE,0.9454517312572588,0.8643322362438931,0.9919486809261614
1043,FALSE,FALSE,TRUE,0.9454517312572588,0.8477508787833433,0.9952075700506698
1044,FALSE,FALSE,TRUE,0.9454517312572588,0.8413026256149632,0.9787834708399532
1045,FALSE,FALSE,TRUE,0.9454517312572588,0.9771028061915006,0.9946766648178528
1046,TRUE,TRUE,FALSE,0.9454517312572588,1.0338645019592576,1.0021726506104245
1047,TRUE,FALSE,TRUE,0.9454517312572588,0.6208932382388654,0.9907546852690122
1048,FALSE,FALSE,TRUE,0.9454517312572588,0.7244746707321531,0.9458023675515642
1049,TRUE,TRUE,FALSE,0.9454517312572588,0.7106221894186786,0.9386315334135507
1050,TRUE,TRUE,FALSE,0.9454517312572588,1.0047724105682092,0.9991972800172269
1051,TRUE,FALSE,TRUE,0.9454517312572588,0.8541595414702712,0.9593361910051966
1052,FALSE,FALSE,TRUE,0.9454517312572588,0.9950578791896958,1.0035349952691766
1053,FALSE,FALSE,TRUE,0.9454517312572588,0.9302083456110908,0.9809650429889123
1054,FALSE,FALSE,TRUE,0.9454517312572588,0.8423381721639317,0.9932144909352247
1055,TRUE,FALSE,FALSE,0.9454517312572588,1.0788039218480918,0.9616990882828604
1056,FALSE,FALSE,TRUE,0.9454517312572588,0.9728935289877662,0.9844219059760053
1057,FALSE,FALSE,FALSE,0.9454517312572588,0.7084954368476551,0.9417643169449448
1058,TRUE,FALSE,TRUE,0.9454517312572588,0.7955732781363855,0.9824356260557693
1059,FALSE,FALSE,TRUE,0.9454517312572588,1.0060258872466519,0.9881866444307436
1060,FALSE,FALSE,TRUE,0.9454517312572588,0.710833557988456,0.9389999734305251
1061,FALSE,FALSE,TRUE,0.9454517312572588,1.0073460893990587,1.010191279971749
1062,FALSE,FALSE,TRUE,0.9454517312572588,0.9682670324545621,0.9929518008980092
1063,TRUE,FALSE,TRUE,0.9454517312572588,0.7994186144080725,1.0049170107581449
1064,TRUE,TRUE,FALSE,0.9454517312572588,0.9907439717169746,1.001342180791612
1065,FALSE,FALSE,TRUE,0.9454517312572588,1.029840406977698,0.9910222434459827
1066,TRUE,TRUE,FALSE,0.9454517312572588,1.0047724105682092,0.9991972800172269
1067,FALSE,FALSE,TRUE,0.9454517312572588,1.0427052162961417,1.0022337314915541
1069,TRUE,FALSE,TRUE,0.9454517312572588,0.9262039409795648,0.9929715888666226
1070,FALSE,FALSE,TRUE,0.9454517312572588,1.0413728729372296,0.9892890720068106
1071,FALSE,FALSE,FALSE,0.9454517312572588,0.926945040878326,0.9827443447259859
1072,FALSE,FALSE,TRUE,0.9454517312572588,0.8345326278141736,0.9829495947088694
1073,TRUE,FALSE,FALSE,0.9454517312572588,1.0249865070198245,0.9893454070257932
1074,FALSE,FALSE,TRUE,0.9454517312572588,0.9578962423373361,0.9885977008716218
1075,TRUE,TRUE,FALSE,0.9454517312572588,1.052978490527367,1.0113020443673462
1076,TRUE,TRUE,FALSE,0.9454517312572588,1.0047724105682092,0.9991972800172269
1077,TRUE,TRUE,FALSE,0.9454517312572588,1.0047724105682092,0.9991972800172269
1078,FALSE,FALSE,TRUE,0.9454517312572588,0.8699019138868587,0.9892504466457794
1079,TRUE,TRUE,FALSE,0.9454517312572588,1.0047724105682092,0.9991972800172269
1080,TRUE,TRUE,FALSE,0.9454517312572588,1.0047724105682092,0.9991972800172269
1081,FALSE,FALSE,FALSE,0.9454517312572588,1.0166585088685147,0.9954352098597663
1082,TRUE,TRUE,FALSE,0.9454517312572588,1.0047724105682092,0.9991972800172269
1083,FALSE,FALSE,TRUE,0.9454517312572588,0.903722984224999,0.9897030670679838
1084,FALSE,FALSE,TRUE,0.9454517312572588,0.9294617595622446,0.9853426950613193
1085,TRUE,TRUE,FALSE,0.9454517312572588,0.7106221894186786,0.9386315334135507
1086,FALSE,FALSE,TRUE,0.9454517312572588,1.00796996108875,0.9920030046129096
1087,TRUE,TRUE,FALSE,0.9454517312572588,1.0047724105682092,0.9991972800172269
1088,TRUE,TRUE,FALSE,0.9454517312572588,1.052978490527367,1.0113020443673462
1089,FALSE,FALSE,TRUE,0.9454517312572588,0.9722905949090764,0.9786044076990993
1090,TRUE,TRUE,FALSE,0.9454517312572588,1.0338645019592576,1.0021726506104245
1091,TRUE,TRUE,FALSE,0.9454517312572588,1.0047724105682092,0.9991972800172269
1092,FALSE,FALSE,TRUE,0.9454517312572588,0.8708077110654158,0.9724561573884296
1093,TRUE,TRUE,FALSE,0.9454517312572588,0.7106221894186786,0.9386315334135507
1094,FALSE,FALSE,TRUE,0.9454517312572588,0.9492810573020363,0.9852909194814496
1095,TRUE,TRUE,FALSE,0.9454517312572588,0.7106221894186786,0.9386315334135507
1096,FALSE,FALSE,FALSE,0.9454517312572588,1.011102052013136,0.9974506012391732
1097,FALSE,FALSE,FALSE,0.9454517312572588,1.0285350116624976,0.9949909692906089
1098,TRUE,TRUE,FALSE,0.9454517312572588,1.0047724105682092,0.9991972800172269
1099,TRUE,TRUE,FALSE,0.9454517312572588,0.7106222342809515,0.9386315368379247
1100,FALSE,FALSE,TRUE,0.9454517312572588,1.0006379604918876,0.9955878611208423
